<http://dbpedia.org/resource/Killing_Season_(disambiguation)> 	"Killing Season (disambiguation)"@en .
<http://dbpedia.org/resource/Alexei_Rykov> 	"Alexei Rykov"@en .
<http://dbpedia.org/resource/Brush_Creek_Township,_Ohio> 	"Brush Creek Township, Ohio"@en .
<http://dbpedia.org/resource/Sanniki,_Bialystok_County> 	"Sanniki, Bialystok County"@en .
<http://dbpedia.org/resource/MOSS_(disambiguation)> 	"MOSS (disambiguation)"@en .
<http://dbpedia.org/resource/The_3_Song> 	"The 3 Song"@en .
<http://dbpedia.org/resource/%EE%98%B4> 	"\uE634"@en .
<http://dbpedia.org/resource/Al_Akhbar_(disambiguation)> 	"Al Akhbar (disambiguation)"@en .
<http://dbpedia.org/resource/Perkins_Arboretum> 	"Perkins Arboretum"@en .
<http://dbpedia.org/resource/Yuriy_Prokhorenko> 	"Yuriy Prokhorenko"@en .
<http://dbpedia.org/resource/John_Zeiler> 	"John Zeiler"@en .
<http://dbpedia.org/resource/Dorrie_Miller> 	"Dorrie Miller"@en .
<http://dbpedia.org/resource/Heinkel_He_55> 	"Heinkel He 55"@en .
<http://dbpedia.org/resource/United_States_presidential_election_in_Kentucky,_2012> 	"United States presidential election in Kentucky, 2012"@en .
<http://dbpedia.org/resource/Chronicle_of_Moissac> 	"Chronicle of Moissac"@en .
<http://dbpedia.org/resource/Oh,_Grow_Up> 	"P\u00E8re malgr\u00E9 tout"@fr .
<http://dbpedia.org/resource/Mokhtar_Ghyaza> 	"Mokhtar Ghyaza"@fr .
<http://dbpedia.org/resource/South-Peruvian_State> 	"South-Peruvian State"@en .
<http://dbpedia.org/resource/Bacino_di_Val_Malvaglia> 	"Bacino di Val Malvaglia"@en .
<http://dbpedia.org/resource/Kia_Mohave> 	"Kia Borrego"@de .
<http://dbpedia.org/resource/Lasius_reginae> 	"Lasius reginae"@en .
<http://dbpedia.org/resource/Wolfpack_(squadron)> 	"Wolfpack (squadron)"@en .
<http://dbpedia.org/resource/San_Pascual_Academy> 	"San Pascual Academy"@en .
<http://dbpedia.org/resource/Oregon_Highway_395> 	"Oregon Highway 395"@en .
<http://dbpedia.org/resource/STN_Atlas> 	"STN Atlas"@en .
<http://dbpedia.org/resource/Montignac-Charente> 	"Montignac-Charente"@fr .
<http://dbpedia.org/resource/Farington_(disambiguation)> 	"Farington (disambiguation)"@en .
<http://dbpedia.org/resource/Beef_Shoulder_Petite_Tender> 	"Beef Shoulder Petite Tender"@en .
<http://dbpedia.org/resource/Jonathan_O._Moseley> 	"Jonathan O. Moseley"@en .
<http://dbpedia.org/resource/Asahi_Pentax> 	"Asahi Pentax"@en .
<http://dbpedia.org/resource/Calvary,_Wisconsin> 	"Calvary, Wisconsin"@en .
<http://dbpedia.org/resource/Westendstrasse_1> 	"Westendstra\u00DFe 1"@de .
<http://dbpedia.org/resource/Central_Plains_Athletic_Conference> 	"Central Plains Athletic Conference"@en .
<http://dbpedia.org/resource/Daniel_Rothschild> 	"Daniel Rothschild"@en .
<http://dbpedia.org/resource/List_of_The_Totally_Rad_Show_Episodes> 	"List of The Totally Rad Show Episodes"@en .
<http://dbpedia.org/resource/Filmography_of_amjad_khan> 	"Filmography of amjad khan"@en .
<http://dbpedia.org/resource/FEZ-1> 	"FEZ-1"@en .
<http://dbpedia.org/resource/Marian_Persecutions> 	"Marian Persecutions"@en .
<http://dbpedia.org/resource/Hangya_railway_station> 	"Hangya railway station"@en .
<http://dbpedia.org/resource/Queichheim> 	"Queichheim"@en .
<http://dbpedia.org/resource/Dyrehaven_(disambiguation)> 	"Dyrehaven (disambiguation)"@en .
<http://dbpedia.org/resource/Samurai_Sentai_Shinkenger_vs._Go-onger:_GinmakuBang!!> 	"Samurai Sentai Shinkenger vs. Go-onger: GinmakuBang!!"@en .
<http://dbpedia.org/resource/Imperator_Aleksandr_II_class_battleship> 	"Imperator Aleksandr II class battleship"@en .
<http://dbpedia.org/resource/Michelle_waterson> 	"Michelle waterson"@en .
<http://dbpedia.org/resource/Crambus_acutangulus> 	"Crambus acutangulus"@en .
<http://dbpedia.org/resource/List_of_reservoirs_and_dams_in_Australia> 	"List of reservoirs and dams in Australia"@en .
<http://dbpedia.org/resource/2006%E2%80%9307_Manchester_United_F.C._season> 	"2006\u201307 Manchester United F.C. season"@en .
<http://dbpedia.org/resource/Ewen_Mackinnon> 	"Ewen Mackinnon"@en .
<http://dbpedia.org/resource/Nizhnekamsk_Reservoir> 	"Nischnekamsker Stausee"@de .
<http://dbpedia.org/resource/Hitsville_UK> 	"Hitsville UK"@en .
<http://dbpedia.org/resource/Hundred_of_Bruton> 	"Hundred of Bruton"@en .
<http://dbpedia.org/resource/Sulcus_limitans> 	"Sulcus limitans"@en .
<http://dbpedia.org/resource/Max's_Hot_Dogs> 	"Max's Hot Dogs"@en .
<http://dbpedia.org/resource/Phoebe_Abbott> 	"Phoebe Abbott"@en .
<http://dbpedia.org/resource/Blame_It_on_the_Boogie> 	"Blame It on the Boogie"@en .
<http://dbpedia.org/resource/Malcolm_Hugh_Mackerras_AO> 	"Malcolm Hugh Mackerras AO"@en .
<http://dbpedia.org/resource/Robinson,_Indiana_County,_Pennsylvania> 	"Robinson, Indiana County, Pennsylvania"@en .
<http://dbpedia.org/resource/Arrasando_con_Fuego> 	"Arrasando con Fuego"@en .
<http://dbpedia.org/resource/Henry_Brewer_Metcalf> 	"Henry Brewer Metcalf"@en .
<http://dbpedia.org/resource/Battle_of_Sempach> 	"Battle of Sempach"@en .
<http://dbpedia.org/resource/Gary_Dempsey_(Irish_footballer)> 	"Gary Dempsey (Irish footballer)"@en .
<http://dbpedia.org/resource/Cutter_mattock> 	"Cutter mattock"@en .
<http://dbpedia.org/resource/Martin_Heade> 	"Martin Heade"@en .
<http://dbpedia.org/resource/Canton_of_Saint-Symphorien-de-Lay> 	"Canton de Saint-Symphorien-de-Lay"@fr .
<http://dbpedia.org/resource/List_of_Marvel_Universe_characters:_V> 	"List of Marvel Universe characters: V"@en .
<http://dbpedia.org/resource/42Cb0146> 	"42Cb0146"@en .
<http://dbpedia.org/resource/Fightingcock> 	"Fightingcock"@en .
<http://dbpedia.org/resource/Otake_(disambiguation)> 	"Otake (disambiguation)"@en .
<http://dbpedia.org/resource/Palmerston_North_Boy's_High_School> 	"Palmerston North Boy's High School"@en .
<http://dbpedia.org/resource/Diamond_Watch> 	"Diamond Watch"@en .
<http://dbpedia.org/resource/Bill_Mayer> 	"Bill Mayer"@en .
<http://dbpedia.org/resource/Taganrog_resistance_movement> 	"Taganrog resistance movement"@en .
<http://dbpedia.org/resource/Z30_snoRNA> 	"Z30 snoRNA"@en .
<http://dbpedia.org/resource/Sella_River_(Bay_of_Biscay)> 	"Sella River (Bay of Biscay)"@en .
<http://dbpedia.org/resource/On_Melancholy_Hill> 	"On Melancholy Hill"@en .
<http://dbpedia.org/resource/Jamisontown> 	"Jamisontown"@en .
<http://dbpedia.org/resource/CarribeanAir_Force> 	"CarribeanAir Force"@en .
<http://dbpedia.org/resource/John_Brown_Francis_Herreshoff> 	"John Brown Francis Herreshoff"@en .
<http://dbpedia.org/resource/USS_Freedom_(IX-43)> 	"USS Freedom (IX-43)"@en .
<http://dbpedia.org/resource/Nordholz_Naval_Airbase> 	"Fliegerhorst Nordholz"@de .
<http://dbpedia.org/resource/Anuradhapura_District> 	"Anuradhapura (Distrikt)"@de .
<http://dbpedia.org/resource/John_M._Mossman_Lock_Museum> 	"John M. Mossman Lock Museum"@en .
<http://dbpedia.org/resource/Layana,_Spain> 	"Layana, Spain"@en .
<http://dbpedia.org/resource/Cross-promotion> 	"Cross-promotion"@en .
<http://dbpedia.org/resource/2007_Food_City_500> 	"2007 Food City 500"@en .
<http://dbpedia.org/resource/Lady_Margaret_professorship_of_divinity_at_Oxford> 	"Lady Margaret professorship of divinity at Oxford"@en .
<http://dbpedia.org/resource/Grown_Ups_2> 	"Kindsk\u00F6pfe 2"@de .
<http://dbpedia.org/resource/Kalafli> 	"Kalafli"@en .
<http://dbpedia.org/resource/Sergei_Poteshkin> 	"Sergei Poteshkin"@en .
<http://dbpedia.org/resource/Eltham_Hill_School> 	"Eltham Hill School"@en .
<http://dbpedia.org/resource/Hans_Aas> 	"Hans Aas"@en .
<http://dbpedia.org/resource/Transport_Layer_Interface> 	"Transport Layer Interface"@en .
<http://dbpedia.org/resource/Le_Casse> 	"Le Casse"@en .
<http://dbpedia.org/resource/1965_LPGA_Championship> 	"1965 LPGA Championship"@en .
<http://dbpedia.org/resource/NFKB1> 	"NFKB1"@en .
<http://dbpedia.org/resource/Ford_S-Max> 	"Ford S-MAX"@de .
<http://dbpedia.org/resource/Unto_the_Fourth_Generation> 	"Jusqu'\u00E0 la quatri\u00E8me g\u00E9n\u00E9ration (nouvelle)"@fr .
<http://dbpedia.org/resource/WISH_(2nd_Version)_(album)> 	"WISH (2nd Version) (album)"@en .
<http://dbpedia.org/resource/%E5%B0%8F%E6%9E%97%E9%9D%96%E5%AD%90> 	"\u5C0F\u6797\u9756\u5B50"@en .
<http://dbpedia.org/resource/Syria_Deeply> 	"Syria Deeply"@en .
<http://dbpedia.org/resource/Wufeng_Lin_Family_Mansion_and_Garden> 	"Wufeng Lin Family Mansion and Garden"@en .
<http://dbpedia.org/resource/Azygos_lobe> 	"Lobus venae azygos"@de .
<http://dbpedia.org/resource/Lebogang_Mokoena> 	"Lebogang Mokoena"@en .
<http://dbpedia.org/resource/Attitude_magazine> 	"Attitude magazine"@en .
<http://dbpedia.org/resource/Glenrothes_Football_Club> 	"Glenrothes Football Club"@en .
<http://dbpedia.org/resource/CPN-UML> 	"CPN-UML"@en .
<http://dbpedia.org/resource/Paeligni> 	"Paeligni"@en .
<http://dbpedia.org/resource/Bufo_acutirostris> 	"Bufo acutirostris"@en .
<http://dbpedia.org/resource/M._Munir_Ertegun> 	"M. Munir Ertegun"@en .
<http://dbpedia.org/resource/Fish_Friers_Review> 	"Fish Friers Review"@en .
<http://dbpedia.org/resource/Eighth_Council_of_Toledo> 	"Eighth Council of Toledo"@en .
<http://dbpedia.org/resource/Wal,_Lublin_Voivodeship> 	"Wal, Lublin Voivodeship"@en .
<http://dbpedia.org/resource/%C4%BDubo%C5%A1_Hanzel> 	"\u013Dubo\u0161 Hanzel"@de .
<http://dbpedia.org/resource/1878_in_science> 	"1878 en science"@fr .
<http://dbpedia.org/resource/RSPB_Surlingham_Church_Marsh> 	"RSPB Surlingham Church Marsh"@en .
<http://dbpedia.org/resource/MiG-17F> 	"MiG-17F"@en .
<http://dbpedia.org/resource/Fan_Zhongyan> 	"Fan Zhongyan"@en .
<http://dbpedia.org/resource/Liga> 	"Liga"@en .
<http://dbpedia.org/resource/Jesse_White_(footballer)> 	"Jesse White (footballer)"@en .
<http://dbpedia.org/resource/Ferdinand_Becherer> 	"Ferdinand Becherer"@de .
<http://dbpedia.org/resource/Monastir_Airport> 	"Monastir Airport"@en .
<http://dbpedia.org/resource/Mike_Scaccia> 	"Mike Scaccia"@fr .
<http://dbpedia.org/resource/Richard_Marx_Career_Discography> 	"Richard Marx Career Discography"@en .
<http://dbpedia.org/resource/Sanscara> 	"Sanscara"@en .
<http://dbpedia.org/resource/Extermination_of_Soviet_prisoners_of_war_by_Nazi_Germany> 	"Extermination of Soviet prisoners of war by Nazi Germany"@en .
<http://dbpedia.org/resource/John_Henry_IV_of_Gorizia> 	"John Henry IV of Gorizia"@en .
<http://dbpedia.org/resource/Uruguay_U.K._relations> 	"Uruguay U.K. relations"@en .
<http://dbpedia.org/resource/Sherlock_Holmes_and_the_Deadly_Necklace> 	"Sherlock Holmes und das Halsband des Todes"@de .
<http://dbpedia.org/resource/Dairant%C5%8D_Smash_Brothers_X> 	"Dairant\u014D Smash Brothers X"@en .
<http://dbpedia.org/resource/Nauort> 	"Nauort"@de .
<http://dbpedia.org/resource/Typhlops_luzonensis> 	"Malayotyphlops luzonensis"@fr .
<http://dbpedia.org/resource/Uapb> 	"Uapb"@en .
<http://dbpedia.org/resource/Anthela_callileuca> 	"Anthela callileuca"@en .
<http://dbpedia.org/resource/Aurangabad_(disambiguation)> 	"Aurangabad (disambiguation)"@en .
<http://dbpedia.org/resource/1999%E2%80%932000_NWHL_season> 	"1999\u20132000 NWHL season"@en .
<http://dbpedia.org/resource/Worlds_Beyond:_A_Magazine_of_Science-Fantasy_Fiction> 	"Worlds Beyond: A Magazine of Science-Fantasy Fiction"@en .
<http://dbpedia.org/resource/List_of_Angolan_records_in_swimming> 	"List of Angolan records in swimming"@en .
<http://dbpedia.org/resource/Ian_Sommerville_(academic)> 	"Ian Sommerville"@de .
<http://dbpedia.org/resource/Jack_Massey_(politician)> 	"Jack Massey (politician)"@en .
<http://dbpedia.org/resource/Make_It_Rain_(Fat_Joe_song)> 	"Make It Rain (Fat Joe song)"@en .
<http://dbpedia.org/resource/Ola_Olsen> 	"Ola Olsen"@en .
<http://dbpedia.org/resource/Okitsu-juku> 	"Okitsu-juku"@en .
<http://dbpedia.org/resource/Krishna_Engineering_College> 	"Krishna Engineering College"@en .
<http://dbpedia.org/resource/William_Hann> 	"William Hann"@de .
<http://dbpedia.org/resource/Beard-Eaves_Memorial_Coliseum> 	"Beard-Eaves Memorial Coliseum"@en .
<http://dbpedia.org/resource/Rustem> 	"Rustem"@de .
<http://dbpedia.org/resource/Bu%C5%A1leti%C4%87> 	"Bu\u0161leti\u0107"@en .
<http://dbpedia.org/resource/Stulln> 	"Stulln"@en .
<http://dbpedia.org/resource/Ohio_State_Route_40_(1923-1927)> 	"Ohio State Route 40 (1923-1927)"@en .
<http://dbpedia.org/resource/Colegio_D._Diogo_de_Sousa> 	"Colegio D. Diogo de Sousa"@en .
<http://dbpedia.org/resource/Echidna_Parass> 	"Echidna Parass"@en .
<http://dbpedia.org/resource/Flight_811> 	"Flight 811"@en .
<http://dbpedia.org/resource/%D0%93%D0%B0%D1%82%D0%B0_%D0%9A%D0%B0%D0%BC%D1%81%D0%BA%D0%B8%D0%B9> 	"\u0413\u0430\u0442\u0430 \u041A\u0430\u043C\u0441\u043A\u0438\u0439"@en .
<http://dbpedia.org/resource/John_Wyndout> 	"John Wyndout"@en .
<http://dbpedia.org/resource/Dasavathaaram_(soundtrack)> 	"Dasavathaaram (soundtrack)"@en .
<http://dbpedia.org/resource/Rastriya_Prajatantra_Party_Nepal> 	"Rastriya Prajatantra Party Nepal"@en .
<http://dbpedia.org/resource/Jean_Miel> 	"Jean Miel"@en .
<http://dbpedia.org/resource/POU2AF1> 	"POU2AF1"@en .
<http://dbpedia.org/resource/2009_Asian_Men's_Club_Volleyball_Championship> 	"2009 Asian Men's Club Volleyball Championship"@en .
<http://dbpedia.org/resource/Sette_note_in_nero> 	"Sette note in nero"@en .
<http://dbpedia.org/resource/Tom_Soares> 	"Tom Soares"@en .
<http://dbpedia.org/resource/Three_days_of_Their_Reign> 	"Three days of Their Reign"@en .
<http://dbpedia.org/resource/List_of_Registered_Historic_Places_in_Missouri,_Counties_J-K> 	"List of Registered Historic Places in Missouri, Counties J-K"@en .
<http://dbpedia.org/resource/%EF%B9%98> 	"\uFE58"@en .
<http://dbpedia.org/resource/Chiel_Warners> 	"Chiel Warners"@en .
<http://dbpedia.org/resource/Skoda_135> 	"Skoda 135"@en .
<http://dbpedia.org/resource/Canadian_Day> 	"Canadian Day"@en .
<http://dbpedia.org/resource/Niland,_California> 	"Niland"@de .
<http://dbpedia.org/resource/1703_Apennine_earthquakes> 	"S\u00E9isme de 1703 \u00E0 L'Aquila"@fr .
<http://dbpedia.org/resource/Mechanical_resistance> 	"Mechanical resistance"@en .
<http://dbpedia.org/resource/Dust_Mohammad-e_Shah_Gol_Pahlavan> 	"Dust Mohammad-e Shah Gol Pahlavan"@en .
<http://dbpedia.org/resource/Orbital_colony> 	"Orbital colony"@en .
<http://dbpedia.org/resource/Nephite> 	"Nephite"@en .
<http://dbpedia.org/resource/%E0%A8%86> 	"\u0A06"@en .
<http://dbpedia.org/resource/Galesh_Kola,_Savadkuh> 	"Galesh Kola, Savadkuh"@en .
<http://dbpedia.org/resource/Chevrolet_Tornado> 	"Chevrolet Tornado"@en .
<http://dbpedia.org/resource/Llys_Halt_railway_station> 	"Llys Halt railway station"@en .
<http://dbpedia.org/resource/Greg_Rickford> 	"Greg Rickford"@en .
<http://dbpedia.org/resource/Dark_Circle_(Anti-nuclear_film)> 	"Dark Circle (Anti-nuclear film)"@en .
<http://dbpedia.org/resource/Shinya_Tomita> 	"Shinya Tomita"@en .
<http://dbpedia.org/resource/Dose_area_product> 	"Dosisfl\u00E4chenprodukt"@de .
<http://dbpedia.org/resource/Eterna> 	"Eterna"@fr .
<http://dbpedia.org/resource/G%C3%BCnther_Dollinger> 	"G\u00FCnther Dollinger"@en .
<http://dbpedia.org/resource/Bourbon_Island> 	"Bourbon Island"@en .
<http://dbpedia.org/resource/Mode-locking> 	"Blocage de mode"@fr .
<http://dbpedia.org/resource/Africanae> 	"Africanae"@en .
<http://dbpedia.org/resource/Tecp%C3%A1n_de_Galeana,_Guerrero> 	"Tecp\u00E1n de Galeana, Guerrero"@en .
<http://dbpedia.org/resource/Sporting_C._Braga> 	"Sporting C. Braga"@en .
<http://dbpedia.org/resource/P:NEWENG> 	"P:NEWENG"@en .
<http://dbpedia.org/resource/Mykola_Melnyk> 	"Nikola\u00EF Melnik"@fr .
<http://dbpedia.org/resource/Love_Is_Stronger_Than_Pride> 	"Love Is Stronger Than Pride"@en .
<http://dbpedia.org/resource/Evolution_of_Bugs_Bunny> 	"Evolution of Bugs Bunny"@en .
<http://dbpedia.org/resource/Carl_T_C_Gutierrez> 	"Carl T C Gutierrez"@en .
<http://dbpedia.org/resource/Verdens_Undergang> 	"Verdens Undergang"@en .
<http://dbpedia.org/resource/Sotillo_de_las_Palomas,_Toledo> 	"Sotillo de las Palomas, Toledo"@en .
<http://dbpedia.org/resource/200_Renaissance_Center> 	"200 Renaissance Center"@en .
<http://dbpedia.org/resource/Human_Trafficking_Prevention_Act_(H.R._4449;_113th_Congress)> 	"Human Trafficking Prevention Act (H.R. 4449; 113th Congress)"@en .
<http://dbpedia.org/resource/Digi_Snax> 	"Digi Snax"@en .
<http://dbpedia.org/resource/LBT-1> 	"LBT-1"@en .
<http://dbpedia.org/resource/Olympic_FC_de_Niamey> 	"Olympic Football Club de Niamey"@fr .
<http://dbpedia.org/resource/Ted_Roosevelt> 	"Ted Roosevelt"@en .
<http://dbpedia.org/resource/2014-15_Fordham_Rams_women's_basketball_team> 	"2014-15 Fordham Rams women's basketball team"@en .
<http://dbpedia.org/resource/Lawes'_Parotia> 	"Lawes' Parotia"@en .
<http://dbpedia.org/resource/Douglas_Dodds-Parker> 	"Douglas Dodds-Parker"@en .
<http://dbpedia.org/resource/Senj> 	"Senj"@fr .
<http://dbpedia.org/resource/Thomas_Patton_(UK_politician)> 	"Thomas Patton (UK politician)"@en .
<http://dbpedia.org/resource/Suicide_Prevention> 	"Suicide Prevention"@en .
<http://dbpedia.org/resource/BF_Goodrich> 	"BF Goodrich"@en .
<http://dbpedia.org/resource/List_of_Florida_Atlantic_University_people> 	"List of Florida Atlantic University people"@en .
<http://dbpedia.org/resource/Adelshofen> 	"Adelshofen"@fr .
<http://dbpedia.org/resource/Australian_venomous_funnel-web_spider> 	"Australian venomous funnel-web spider"@en .
<http://dbpedia.org/resource/Subcarpathian_(European_Parliament_constituency)> 	"Subcarpathian (European Parliament constituency)"@en .
<http://dbpedia.org/resource/High_5s_Project> 	"High 5s"@de .
<http://dbpedia.org/resource/Voice_synthesizer> 	"Voice synthesizer"@en .
<http://dbpedia.org/resource/The_Look_of_Love_(song)> 	"The Look of Love (song)"@en .
<http://dbpedia.org/resource/Qaber_Fidda> 	"Qaber Fidda"@en .
<http://dbpedia.org/resource/Tlascala_(genus)> 	"Tlascala (genus)"@en .
<http://dbpedia.org/resource/Johnsonville_Impact_Crater> 	"Johnsonville Impact Crater"@en .
<http://dbpedia.org/resource/Good_Time_Bill> 	"Good Time Bill"@en .
<http://dbpedia.org/resource/Ivan_Rach%C5%AFnek> 	"Ivan Rach\u016Fnek"@en .
<http://dbpedia.org/resource/Kallocain> 	"La Kalloca\u00EFne"@fr .
<http://dbpedia.org/resource/Shin_Tae-yong> 	"Shin Tae-yong"@en .
<http://dbpedia.org/resource/Oppligen> 	"Oppligen"@de .
<http://dbpedia.org/resource/Universities_of_Costa_Rica> 	"Universities of Costa Rica"@en .
<http://dbpedia.org/resource/Spy_fiction> 	"Roman d'espionnage"@fr .
<http://dbpedia.org/resource/Razdolnaya> 	"Razdolnaya"@en .
<http://dbpedia.org/resource/Wola_Dere%C5%BAnia%C5%84ska> 	"Wola Dere\u017Ania\u0144ska"@en .
<http://dbpedia.org/resource/List_of_diseases_starting_with_R> 	"List of diseases starting with R"@en .
<http://dbpedia.org/resource/Pleon_(company)> 	"Pleon (company)"@en .
<http://dbpedia.org/resource/Sean_Barrett_(disambiguation)> 	"Sean Barrett (disambiguation)"@en .
<http://dbpedia.org/resource/Aedan_of_ferns> 	"Aedan of ferns"@en .
<http://dbpedia.org/resource/Banque_Defoe> 	"Banque Defoe"@en .
<http://dbpedia.org/resource/Median_artery> 	"Median artery"@en .
<http://dbpedia.org/resource/Prolyonetia_cockerelli> 	"Prolyonetia cockerelli"@en .
<http://dbpedia.org/resource/Pierre_S%C3%A9guier> 	"Pierre S\u00E9guier"@de .
<http://dbpedia.org/resource/Corona_(gastropod)> 	"Corona (gastropod)"@en .
<http://dbpedia.org/resource/Fernand_Hautain> 	"Fernand Hautain"@en .
<http://dbpedia.org/resource/%E0%B6%A2> 	"\u0DA2"@en .
<http://dbpedia.org/resource/Lunar_Landing_Research_Vehicle> 	"Lunar Landing Research Vehicle"@en .
<http://dbpedia.org/resource/Hemer_Provincial_Park> 	"Hemer Provincial Park"@en .
<http://dbpedia.org/resource/Star_Wars_Episode_I:_The_Phantom_Menace_(video_game)> 	"Star Wars Episode I: The Phantom Menace (video game)"@en .
<http://dbpedia.org/resource/Infrahyoid_muscle> 	"Infrahyoid muscle"@en .
<http://dbpedia.org/resource/Rushton,_Michigan> 	"Rushton, Michigan"@en .
<http://dbpedia.org/resource/World_Snooker_Championship_1931> 	"World Snooker Championship 1931"@en .
<http://dbpedia.org/resource/Everyday_Practical_Electronics> 	"Everyday Practical Electronics"@en .
<http://dbpedia.org/resource/About_the_Gallic_War> 	"About the Gallic War"@en .
<http://dbpedia.org/resource/Norman_Gym_(Gainesville,_Florida)> 	"Norman Gym (Gainesville, Florida)"@en .
<http://dbpedia.org/resource/Walter_Fitzwilliam> 	"Walter Fitzwilliam"@en .
<http://dbpedia.org/resource/St._Ives,_Dorset> 	"St. Ives, Dorset"@en .
<http://dbpedia.org/resource/Calumet_Farm> 	"Calumet Farm"@en .
<http://dbpedia.org/resource/China_and_Taiwan> 	"China and Taiwan"@en .
<http://dbpedia.org/resource/Xian_hun_nu> 	"Xian hun nu"@en .
<http://dbpedia.org/resource/Datario> 	"Datario"@en .
<http://dbpedia.org/resource/The_Bald_Truth> 	"The Bald Truth"@en .
<http://dbpedia.org/resource/Open_joint_injury> 	"Open joint injury"@en .
<http://dbpedia.org/resource/Operation_Justice_League> 	"Operation Justice League"@en .
<http://dbpedia.org/resource/Newellton> 	"Newellton"@en .
<http://dbpedia.org/resource/G%C3%B6sta_(disambiguation)> 	"G\u00F6sta (disambiguation)"@en .
<http://dbpedia.org/resource/Art_Carney> 	"Art Carney"@fr .
<http://dbpedia.org/resource/Alcohol_law_of_Illinois> 	"Alcohol law of Illinois"@en .
<http://dbpedia.org/resource/Sevier_Lake> 	"Sevier Lake"@en .
<http://dbpedia.org/resource/St_Helena_Ebony> 	"St Helena Ebony"@en .
<http://dbpedia.org/resource/Rocheston_University> 	"Rocheston University"@en .
<http://dbpedia.org/resource/1519_in_science> 	"1519 en science"@fr .
<http://dbpedia.org/resource/Weapon_of_Night> 	"Weapon of Night"@en .
<http://dbpedia.org/resource/Our_Lady_of_Sorrows_Church> 	"Our Lady of Sorrows Church"@en .
<http://dbpedia.org/resource/Poisoning> 	"Poisoning"@en .
<http://dbpedia.org/resource/Zavitinsk> 	"Zavitinsk"@fr .
<http://dbpedia.org/resource/Bacterial_wall> 	"Bacterial wall"@en .
<http://dbpedia.org/resource/Penovskiy_District> 	"Penovskiy District"@en .
<http://dbpedia.org/resource/Liethuvim> 	"Liethuvim"@en .
<http://dbpedia.org/resource/Willie_Mullan> 	"Willie Mullan"@en .
<http://dbpedia.org/resource/First_Priority_Music> 	"First Priority Music"@en .
<http://dbpedia.org/resource/Moha,_British_Columbia> 	"Moha, British Columbia"@en .
<http://dbpedia.org/resource/Marietta,_GA> 	"Marietta, GA"@en .
<http://dbpedia.org/resource/Solo_guitar> 	"Solo guitar"@en .
<http://dbpedia.org/resource/Hollow_grind> 	"Hollow grind"@en .
<http://dbpedia.org/resource/I'm_So_Lonely_(The_Beach_Boys_song)> 	"I'm So Lonely (The Beach Boys song)"@en .
<http://dbpedia.org/resource/Kerberos> 	"Kerberos"@fr .
<http://dbpedia.org/resource/Hans_Bohrdt> 	"Hans Bohrdt"@de .
<http://dbpedia.org/resource/Spicata> 	"Spicata"@en .
<http://dbpedia.org/resource/A_Light_in_the_Window> 	"A Light in the Window"@en .
<http://dbpedia.org/resource/Thomas_Kyne> 	"Thomas Kyne"@en .
<http://dbpedia.org/resource/Bleu_(1993_movie)> 	"Bleu (1993 movie)"@en .
<http://dbpedia.org/resource/Chutes-des-Passes/Lac_Margane_Water_Aerodrome> 	"Chutes-des-Passes/Lac Margane Water Aerodrome"@en .
<http://dbpedia.org/resource/Dawlish> 	"Dawlish (Devon)"@fr .
<http://dbpedia.org/resource/Get_out_of_my_Sky> 	"Get out of my Sky"@en .
<http://dbpedia.org/resource/Distomon,_Greece> 	"Distomon, Greece"@en .
<http://dbpedia.org/resource/(168416)_1998_QE30> 	"(168416) 1998 QE30"@en .
<http://dbpedia.org/resource/Our_House_(TV_film)> 	"Our House (TV film)"@en .
<http://dbpedia.org/resource/St_Mark's_Square_(Venice)> 	"St Mark's Square (Venice)"@en .
<http://dbpedia.org/resource/Sheriff_Hoyt> 	"Sheriff Hoyt"@en .
<http://dbpedia.org/resource/Axis_&_Allies_1941> 	"Axis & Allies 1941"@en .
<http://dbpedia.org/resource/Billy_Tauzin_III> 	"Billy Tauzin III"@en .
<http://dbpedia.org/resource/Charles_Mesure> 	"Charles Mesure"@de .
<http://dbpedia.org/resource/List_of_Norwegian_films_of_the_1940s> 	"List of Norwegian films of the 1940s"@en .
<http://dbpedia.org/resource/Armata_Corsa> 	"Armata Corsa"@fr .
<http://dbpedia.org/resource/Miller_v._Califonia> 	"Miller v. Califonia"@en .
<http://dbpedia.org/resource/460> 	"460"@fr .
<http://dbpedia.org/resource/La_Flor_y_Nata> 	"La Flor y Nata"@en .
<http://dbpedia.org/resource/Marshfield_Medical_Center> 	"Marshfield Medical Center"@en .
<http://dbpedia.org/resource/Orlando_Ward> 	"Orlando Ward"@en .
<http://dbpedia.org/resource/Aerial_board_of_control> 	"Aerial board of control"@en .
<http://dbpedia.org/resource/Tephromancy> 	"Tephromancy"@en .
<http://dbpedia.org/resource/Companion_shadow> 	"Companion shadow"@en .
<http://dbpedia.org/resource/Noordeen> 	"Noordeen"@en .
<http://dbpedia.org/resource/Burrard_baronets> 	"Baronnet Burrard"@fr .
<http://dbpedia.org/resource/Arbroath_Victoria_F_C> 	"Arbroath Victoria F C"@en .
<http://dbpedia.org/resource/Pierre_de_Lagrene> 	"Pierre de Lagrene"@en .
<http://dbpedia.org/resource/1980_Australian_Open_%E2%80%93_Women's_Doubles> 	"1980 Australian Open \u2013 Women's Doubles"@en .
<http://dbpedia.org/resource/Antal_J%C3%A4kl> 	"Antal J\u00E4kl"@en .
<http://dbpedia.org/resource/Alfoz_(territory)> 	"Alfoz (territory)"@en .
<http://dbpedia.org/resource/Highland_Park_Presbyterian_Church_(Michigan)> 	"Highland Park Presbyterian Church (Michigan)"@en .
<http://dbpedia.org/resource/Battle_of_Nagasino> 	"Battle of Nagasino"@en .
<http://dbpedia.org/resource/2012_Sparkassen_Open> 	"2012 Sparkassen Open"@en .
<http://dbpedia.org/resource/Li_Ziliu> 	"Li Ziliu"@en .
<http://dbpedia.org/resource/French_ship_Triomphant> 	"Le Triomphant"@fr .
<http://dbpedia.org/resource/Steve_Brimacombe> 	"Steve Brimacombe"@fr .
<http://dbpedia.org/resource/2269_Efremiana> 	"2269 Efremiana"@en .
<http://dbpedia.org/resource/Fantastic_Voyage_(film)> 	"Fantastic Voyage (film)"@en .
<http://dbpedia.org/resource/Marek_Bakos> 	"Marek Bakos"@en .
<http://dbpedia.org/resource/Jon_%C3%98igarden> 	"Jon \u00D8igarden"@en .
<http://dbpedia.org/resource/Miles_Joseph> 	"Miles Joseph"@fr .
<http://dbpedia.org/resource/Battle_of_elba> 	"Battle of elba"@en .
<http://dbpedia.org/resource/Taiwania_flousiana> 	"Taiwania flousiana"@en .
<http://dbpedia.org/resource/Nepticula_similella> 	"Nepticula similella"@en .
<http://dbpedia.org/resource/Acme_S-1> 	"Acme S-1"@en .
<http://dbpedia.org/resource/Monica_Hughes> 	"Monica Hughes"@en .
<http://dbpedia.org/resource/Dachau_trials> 	"Dachauer Prozesse"@de .
<http://dbpedia.org/resource/St._Paul's_Hospital,_Ethiopia> 	"St. Paul's Hospital, Ethiopia"@en .
<http://dbpedia.org/resource/Santa_Claus_Lake> 	"Santa Claus Lake"@en .
<http://dbpedia.org/resource/Mister_Lebanon> 	"Mister Lebanon"@en .
<http://dbpedia.org/resource/Lanyu_Flying_Fish_Cultural_Museum> 	"Lanyu Flying Fish Cultural Museum"@en .
<http://dbpedia.org/resource/Louisiana_Highway_1258> 	"Louisiana Highway 1258"@en .
<http://dbpedia.org/resource/Institute_of_Social_Studies> 	"Institute of Social Studies"@en .
<http://dbpedia.org/resource/List_of_number-one_pop_hits_of_2011_(Brazil)> 	"List of number-one pop hits of 2011 (Brazil)"@en .
<http://dbpedia.org/resource/List_of_universities_in_Algeria> 	"List of universities in Algeria"@en .
<http://dbpedia.org/resource/Rosclogher> 	"Rosclogher"@en .
<http://dbpedia.org/resource/Defiance_(1980_film)> 	"Les Massacreurs de Brooklyn"@fr .
<http://dbpedia.org/resource/Spree_River> 	"Spree River"@en .
<http://dbpedia.org/resource/2009_New_York_Sentinels_season> 	"2009 New York Sentinels season"@en .
<http://dbpedia.org/resource/Antonio_Pampani> 	"Antonio Gaetano Pampani"@de .
<http://dbpedia.org/resource/Arak,_Mengen> 	"Arak, Mengen"@en .
<http://dbpedia.org/resource/USS_Mission_De_Pala_(AO-114)> 	"USS Mission De Pala (AO-114)"@en .
<http://dbpedia.org/resource/Babasultan_Dam> 	"Babasultan Dam"@en .
<http://dbpedia.org/resource/Rosenheim_No._361,_Alberta> 	"Rosenheim No. 361, Alberta"@en .
<http://dbpedia.org/resource/Air_miles> 	"Air miles"@en .
<http://dbpedia.org/resource/Pamyat_(disambiguation)> 	"Pamyat (disambiguation)"@en .
<http://dbpedia.org/resource/Sus_domesticus> 	"Sus domesticus"@en .
<http://dbpedia.org/resource/Opinion_polling_for_the_democratic_party_(united_states)_presidential_primaries,_2008> 	"Opinion polling for the democratic party (united states) presidential primaries, 2008"@en .
<http://dbpedia.org/resource/Barasat_bus_terminal> 	"Barasat bus terminal"@en .
<http://dbpedia.org/resource/%E9%A9%BB%E9%A9%AC%E5%BA%97%E5%B8%82> 	"\u9A7B\u9A6C\u5E97\u5E02"@en .
<http://dbpedia.org/resource/Vicariate_Apostolic_of_Bluefields> 	"Vicariate Apostolic of Bluefields"@en .
<http://dbpedia.org/resource/The_Ghost_and_the_Guest> 	"The Ghost and the Guest"@en .
<http://dbpedia.org/resource/Duchy_of_Saxe-Weimar> 	"Duchy of Saxe-Weimar"@en .
<http://dbpedia.org/resource/Liberalism_in_the_United_States> 	"Liberalism in the United States"@en .
<http://dbpedia.org/resource/Daniel_Fernandez_Artola> 	"Daniel Fernandez Artola"@en .
<http://dbpedia.org/resource/U.S._Route_64_Business_(Brevard,_North_Carolina_1960%E2%80%931980)> 	"U.S. Route 64 Business (Brevard, North Carolina 1960\u20131980)"@en .
<http://dbpedia.org/resource/Shootout!> 	"Shootout!"@en .
<http://dbpedia.org/resource/Factor_ixa> 	"Factor ixa"@en .
<http://dbpedia.org/resource/2014_Kentucky_Xtreme_season> 	"2014 Kentucky Xtreme season"@en .
<http://dbpedia.org/resource/Max_Bachhuber> 	"Max Bachhuber"@en .
<http://dbpedia.org/resource/San_Mateo,_Anzo%C3%A1tegui> 	"San Mateo, Anzo\u00E1tegui"@en .
<http://dbpedia.org/resource/Pocztowy> 	"Pocztowy"@en .
<http://dbpedia.org/resource/Eastbourne_Comprehensive_School> 	"Eastbourne Comprehensive School"@en .
<http://dbpedia.org/resource/Fingers_Crossed_(album)> 	"Fingers Crossed (album)"@en .
<http://dbpedia.org/resource/Robert_Dorfman> 	"Robert Dorfman"@en .
<http://dbpedia.org/resource/2012_BC> 	"2012 BC"@en .
<http://dbpedia.org/resource/Maggie_Gylenhaal> 	"Maggie Gylenhaal"@en .
<http://dbpedia.org/resource/Alvania_beani> 	"Alvania beani"@en .
<http://dbpedia.org/resource/River_Morava> 	"River Morava"@en .
<http://dbpedia.org/resource/History_of_russians_in_lithuania> 	"History of russians in lithuania"@en .
<http://dbpedia.org/resource/Mews_house> 	"Mews house"@en .
<http://dbpedia.org/resource/Huffman's_algorithm> 	"Huffman's algorithm"@en .
<http://dbpedia.org/resource/Brazilian_Champions'_Cup> 	"Brazilian Champions' Cup"@en .
<http://dbpedia.org/resource/Jetties> 	"Jetties"@en .
<http://dbpedia.org/resource/Arctic_roll> 	"Arctic roll"@en .
<http://dbpedia.org/resource/Rudolf_Hauschka> 	"Rudolf Hauschka"@de .
<http://dbpedia.org/resource/G%C3%B6sgen_District> 	"Bezirk G\u00F6sgen"@de .
<http://dbpedia.org/resource/Atys_(Lully)> 	"Atys (op\u00E9ra)"@fr .
<http://dbpedia.org/resource/Ceraphronidae> 	"Ceraphronidae"@fr .
<http://dbpedia.org/resource/Alexander_Neufeld> 	"Alexander Neufeld"@en .
<http://dbpedia.org/resource/Genetically_engineered_crops> 	"Genetically engineered crops"@en .
<http://dbpedia.org/resource/Watertown_Subdivision> 	"Watertown Subdivision"@en .
<http://dbpedia.org/resource/Interstate_293_(NH)> 	"Interstate 293 (NH)"@en .
<http://dbpedia.org/resource/Shrewsbury_grammar_school> 	"Shrewsbury grammar school"@en .
<http://dbpedia.org/resource/%C3%80_la_seconde> 	"\u00C0 la seconde"@en .
<http://dbpedia.org/resource/Cities_HLM> 	"Cities HLM"@en .
<http://dbpedia.org/resource/Massera_(disambiguation)> 	"Massera (disambiguation)"@en .
<http://dbpedia.org/resource/Cologne_(disambiguation)> 	"Cologne (homonymie)"@fr .
<http://dbpedia.org/resource/Derek_Fisher> 	"Derek Fisher"@de .
<http://dbpedia.org/resource/Elmley_Prison> 	"Elmley Prison"@en .
<http://dbpedia.org/resource/Korean_Presbyterian_Church_of_Brazil> 	"Korean Presbyterian Church of Brazil"@en .
<http://dbpedia.org/resource/Silvestre_Varela> 	"Silvestre Varela"@de .
<http://dbpedia.org/resource/Jos_Parlby> 	"Jos Parlby"@en .
<http://dbpedia.org/resource/Spaulders> 	"Spaulders"@en .
<http://dbpedia.org/resource/Joseph_Richardson_(disambiguation)> 	"Joseph Richardson (disambiguation)"@en .
<http://dbpedia.org/resource/South_Harrow_tube_station> 	"South Harrow (London Underground)"@de .
<http://dbpedia.org/resource/Stagmomantis_Carolina> 	"Stagmomantis Carolina"@en .
<http://dbpedia.org/resource/Choi_Hyun-tae> 	"Choi Hyun-tae"@en .
<http://dbpedia.org/resource/Narciso_Martinez> 	"Narciso Martinez"@en .
<http://dbpedia.org/resource/Charles_Campion> 	"Charles Campion"@en .
<http://dbpedia.org/resource/2013%E2%80%9314_Scottish_League_Cup> 	"Scottish League Cup 2013/14"@de .
<http://dbpedia.org/resource/Li_Tsun_Chin> 	"Li Tsun Chin"@en .
<http://dbpedia.org/resource/Storm_Weinholt> 	"Storm Weinholt"@en .
<http://dbpedia.org/resource/Grast> 	"Grast"@en .
<http://dbpedia.org/resource/Supercircle> 	"Supercircle"@en .
<http://dbpedia.org/resource/M%C3%BChlbach_(Schussen)> 	"M\u00FChlbach (Schussen)"@en .
<http://dbpedia.org/resource/Lajoie_(disambiguation)> 	"Lajoie (disambiguation)"@en .
<http://dbpedia.org/resource/2003_Wimbledon_Championships_%E2%80%93_Men's_Doubles> 	"Wimbledon Championships 2003/Herrendoppel"@de .
<http://dbpedia.org/resource/Air_Italy_destinations> 	"Air Italy destinations"@en .
<http://dbpedia.org/resource/Jeff_Burkett> 	"Jeff Burkett"@en .
<http://dbpedia.org/resource/Nurugizi> 	"Nurugizi"@en .
<http://dbpedia.org/resource/Ace_Combat:_Assault_Horizon> 	"Ace Combat: Assault Horizon"@fr .
<http://dbpedia.org/resource/Giuseppe_Leanza> 	"Giuseppe Leanza"@en .
<http://dbpedia.org/resource/Automatic_cruise_control> 	"Automatic cruise control"@en .
<http://dbpedia.org/resource/Reinli_Stave_Church> 	"Reinli Stave Church"@en .
<http://dbpedia.org/resource/Sheena_is_a_punk_rocker> 	"Sheena is a punk rocker"@en .
<http://dbpedia.org/resource/Grant_Henry> 	"Grant Henry"@en .
<http://dbpedia.org/resource/Tara_Chand_(Indian_politician)> 	"Tara Chand (Indian politician)"@en .
<http://dbpedia.org/resource/No_Strings_Attached> 	"No Strings Attached"@en .
<http://dbpedia.org/resource/Monolithic_code_base> 	"Monolithic code base"@en .
<http://dbpedia.org/resource/Anastasius_I_of_the_Byzantine_Empire> 	"Anastasius I of the Byzantine Empire"@en .
<http://dbpedia.org/resource/Muthiri_kinaru> 	"Muthiri kinaru"@en .
<http://dbpedia.org/resource/Fox_Broadcasting_Corporation> 	"Fox Broadcasting Corporation"@en .
<http://dbpedia.org/resource/TB_or_Not_TB> 	"TB or Not TB"@en .
<http://dbpedia.org/resource/Link_Flight_Simulation_Division> 	"Link Flight Simulation Division"@en .
<http://dbpedia.org/resource/Nassim_Mendil> 	"Nassim Mendil"@en .
<http://dbpedia.org/resource/Betsy_King_Ross> 	"Betsy King Ross"@en .
<http://dbpedia.org/resource/Liceum_ogolnokstalcace> 	"Liceum ogolnokstalcace"@en .
<http://dbpedia.org/resource/Mongoose-V> 	"Mongoose-V"@fr .
<http://dbpedia.org/resource/Green_bond> 	"Green bond"@en .
<http://dbpedia.org/resource/Cardiac_tamponade> 	"Cardiac tamponade"@en .
<http://dbpedia.org/resource/TPG_Capital,_L.P.> 	"TPG Capital, L.P."@en .
<http://dbpedia.org/resource/Penal_justice> 	"Penal justice"@en .
<http://dbpedia.org/resource/Saphenista_chloromixta> 	"Saphenista chloromixta"@en .
<http://dbpedia.org/resource/Bruce_Sloan> 	"Bruce Sloan"@en .
<http://dbpedia.org/resource/K281AF> 	"K281AF"@en .
<http://dbpedia.org/resource/Uli_Figure> 	"Uli Figure"@en .
<http://dbpedia.org/resource/Emotional_Griptape> 	"Emotional Griptape"@en .
<http://dbpedia.org/resource/Class_consciousness> 	"Class consciousness"@en .
<http://dbpedia.org/resource/%E2%80%99Y_(digraph)> 	"\u2019Y (digraph)"@en .
<http://dbpedia.org/resource/Joel_Font_Coma> 	"Joel Font Coma"@en .
<http://dbpedia.org/resource/Bohunice_Nuclear_Power_Plant> 	"Kernkraftwerk Bohunice"@de .
<http://dbpedia.org/resource/Shuswap> 	"Shuswap"@en .
<http://dbpedia.org/resource/Nikolai_Barabashov> 	"Nikolai Barabashov"@en .
<http://dbpedia.org/resource/Reckless_burning> 	"Reckless burning"@en .
<http://dbpedia.org/resource/Amir_Khan_vs._Marcos_Maidana> 	"Amir Khan vs. Marcos Maidana"@en .
<http://dbpedia.org/resource/Letter_of_Eugnostos> 	"Letter of Eugnostos"@en .
<http://dbpedia.org/resource/Anthony_the_Good> 	"Anthony the Good"@en .
<http://dbpedia.org/resource/Canton_of_Avignon-Nord> 	"Canton of Avignon-Nord"@en .
<http://dbpedia.org/resource/Puerto_Princesa_Subterranean_River_National_Park> 	"Parc national de la rivi\u00E8re souterraine de Puerto Princesa"@fr .
<http://dbpedia.org/resource/Software_version> 	"Software version"@en .
<http://dbpedia.org/resource/Louis_Ryskens> 	"Louis Ryskens"@en .
<http://dbpedia.org/resource/Virgin_Islands_Party> 	"Virgin Islands Party"@en .
<http://dbpedia.org/resource/S%C3%A3o_Jo%C3%A3o_do_Sabugi> 	"S\u00E3o Jo\u00E3o do Sabugi"@en .
<http://dbpedia.org/resource/Bing_Bang_(Christmas)> 	"Bing Bang (Christmas)"@en .
<http://dbpedia.org/resource/Richard_Schmierer> 	"Richard Schmierer"@en .
<http://dbpedia.org/resource/List_of_football_clubs_in_East_Germany> 	"Fu\u00DFball in der DDR"@de .
<http://dbpedia.org/resource/List_of_minor_planets/132501-132600> 	"List of minor planets/132501-132600"@en .
<http://dbpedia.org/resource/Eumysia_maidella> 	"Eumysia maidella"@en .
<http://dbpedia.org/resource/Operation_I-Go> 	"Op\u00E9ration I-Go"@fr .
<http://dbpedia.org/resource/Earl_Maynard> 	"Earl Maynard"@en .
<http://dbpedia.org/resource/Agreement_on_the_Conservation_of_African-Eurasian_Migratory_Waterbirds> 	"Accord sur la conservation des oiseaux d'eau migrateurs d'Afrique-Eurasie"@fr .
<http://dbpedia.org/resource/Aila> 	"Aila"@de .
<http://dbpedia.org/resource/Macintosh_keyboard> 	"Macintosh keyboard"@en .
<http://dbpedia.org/resource/I_Am_an_African> 	"I Am an African"@en .
<http://dbpedia.org/resource/Yitzhak_Sadeh> 	"Yitzhak Sadeh"@en .
<http://dbpedia.org/resource/Undecylenic_acid> 	"Undecylenic acid"@en .
<http://dbpedia.org/resource/Induction_light> 	"Induction light"@en .
<http://dbpedia.org/resource/Basketball_Arena_(London)> 	"Basketball Arena"@de .
<http://dbpedia.org/resource/Il_moschettiere_fantasma> 	"Il moschettiere fantasma"@en .
<http://dbpedia.org/resource/Canta_Los_Clasicos_Del_Vallenato> 	"Canta Los Clasicos Del Vallenato"@en .
<http://dbpedia.org/resource/What_Women_Want_(2000_film)> 	"What Women Want (2000 film)"@en .
<http://dbpedia.org/resource/The_Two_Menaechmuses> 	"The Two Menaechmuses"@en .
<http://dbpedia.org/resource/Fairview_High_School_(Cullman)> 	"Fairview High School (Cullman)"@en .
<http://dbpedia.org/resource/Valleiry> 	"Valleiry"@en .
<http://dbpedia.org/resource/Jacques_Lancelot> 	"Jacques Lancelot"@en .
<http://dbpedia.org/resource/Zack_Gonzalez> 	"Zack Gonzalez"@en .
<http://dbpedia.org/resource/Lighthouse_Evangelism_(Singapore)> 	"Lighthouse Evangelism (Singapore)"@en .
<http://dbpedia.org/resource/Keisei_Main_Line> 	"Keisei Main Line"@en .
<http://dbpedia.org/resource/Atsemin> 	"Atsemin"@en .
<http://dbpedia.org/resource/Green_screen_display> 	"Green screen display"@en .
<http://dbpedia.org/resource/Jos%C3%A9_Castillo> 	"Jos\u00E9 Castillo"@de .
<http://dbpedia.org/resource/William_A._O'Neill> 	"William A. O'Neill"@en .
<http://dbpedia.org/resource/The_Ten_Commandments_(Warlord_Through_The_Years)> 	"The Ten Commandments (Warlord Through The Years)"@en .
<http://dbpedia.org/resource/Penharol_Atl%C3%A9tico_Clube> 	"Penharol Atl\u00E9tico Clube"@en .
<http://dbpedia.org/resource/Frank_Simpson_(British_Army_officer)> 	"Frank Simpson (British Army officer)"@en .
<http://dbpedia.org/resource/Queen_Beatrix_International_Airport> 	"Flughafen Queen Beatrix International"@de .
<http://dbpedia.org/resource/Uttar_Pradesh_Wizards> 	"Uttar Pradesh Wizards"@en .
<http://dbpedia.org/resource/Leptolepis> 	"Leptolepis"@en .
<http://dbpedia.org/resource/Battle_of_Glasgow_(1544)> 	"Battle of Glasgow (1544)"@en .
<http://dbpedia.org/resource/Andrey_Tarasenko> 	"Andrey Tarasenko"@en .
<http://dbpedia.org/resource/Napanoch,_New_York> 	"Napanoch, New York"@en .
<http://dbpedia.org/resource/USCGC_Coos_Bay_(WHEC-376)> 	"USCGC Coos Bay (WHEC-376)"@en .
<http://dbpedia.org/resource/George_Douglas,_4th_Earl_of_Angus> 	"George Douglas (4e comte d'Angus)"@fr .
<http://dbpedia.org/resource/Artes_Mundi_art_prize> 	"Artes Mundi art prize"@en .
<http://dbpedia.org/resource/Neti_(Hatha_Yoga)> 	"Neti"@de .
<http://dbpedia.org/resource/P%C3%A2nce%C8%99ti_River_(Fulgeri%C8%99)> 	"P\u00E2nce\u0219ti River (Fulgeri\u0219)"@en .
<http://dbpedia.org/resource/Ladyzhenskaya's_inequality> 	"Ladyzhenskaya's inequality"@en .
<http://dbpedia.org/resource/Eubrontes> 	"Eubrontes"@en .
<http://dbpedia.org/resource/Les_Fatals_Picards> 	"Les Fatals Picards"@en .
<http://dbpedia.org/resource/Valgeir_Sigur%C3%B0sson> 	"Valgeir Sigur\u00F0sson"@en .
<http://dbpedia.org/resource/Waterman_Creek> 	"Waterman Creek"@en .
<http://dbpedia.org/resource/Abraham_Beame> 	"Abraham Beame"@fr .
<http://dbpedia.org/resource/HRAS_(gene)> 	"HRAS (gene)"@en .
<http://dbpedia.org/resource/Tafea_F.C.> 	"Tafea F.C."@de .
<http://dbpedia.org/resource/Otemma_Glacier> 	"Otemma Glacier"@en .
<http://dbpedia.org/resource/Cosmic_Cannonball> 	"Cosmic Cannonball"@en .
<http://dbpedia.org/resource/Vatnajokull> 	"Vatnajokull"@en .
<http://dbpedia.org/resource/La_Samaritaine> 	"La Samaritaine"@fr .
<http://dbpedia.org/resource/Mientras_M%C3%A1s_Lo_Pienso...T%C3%BA> 	"Mientras M\u00E1s Lo Pienso...T\u00FA"@en .
<http://dbpedia.org/resource/Athletics_at_the_2008_Summer_Paralympics_-_Women's_200_metres_T46> 	"Athletics at the 2008 Summer Paralympics - Women's 200 metres T46"@en .
<http://dbpedia.org/resource/Western_Indo-Pacific> 	"Western Indo-Pacific"@en .
<http://dbpedia.org/resource/Reticulocyte_count> 	"Reticulocyte count"@en .
<http://dbpedia.org/resource/1561_Fricke> 	"1561 Fricke"@en .
<http://dbpedia.org/resource/Too_Many_Lovers_(song)> 	"Too Many Lovers (song)"@en .
<http://dbpedia.org/resource/Mudbaden,_Minnesota> 	"Mudbaden, Minnesota"@en .
<http://dbpedia.org/resource/Chola_Kingdom> 	"Chola Kingdom"@en .
<http://dbpedia.org/resource/Royal_Australian_Mint> 	"Royal Australian Mint"@de .
<http://dbpedia.org/resource/Gael_Linn_Cup_1958> 	"Gael Linn Cup 1958"@en .
<http://dbpedia.org/resource/Zeta_Aquilae> 	"Deneb el Okab Australis"@de .
<http://dbpedia.org/resource/TSLF> 	"TSLF"@en .
<http://dbpedia.org/resource/Damdez> 	"Damdez"@en .
<http://dbpedia.org/resource/The_Nanette_Fabray_Show> 	"The Nanette Fabray Show"@en .
<http://dbpedia.org/resource/Precordial_lead> 	"Precordial lead"@en .
<http://dbpedia.org/resource/Schmitten> 	"Schmitten"@de .
<http://dbpedia.org/resource/Lesley_McNair> 	"Lesley McNair"@en .
<http://dbpedia.org/resource/Jean-Francois_Ntoutoume_Emane> 	"Jean-Francois Ntoutoume Emane"@en .
<http://dbpedia.org/resource/Condol> 	"Condol"@en .
<http://dbpedia.org/resource/IBM_data_connector> 	"IBM data connector"@en .
<http://dbpedia.org/resource/New_York_State_Route_385_(1930%E2%80%931932)> 	"New York State Route 385 (1930\u20131932)"@en .
<http://dbpedia.org/resource/The_Last_Days_(2005_film)> 	"The Last Days (2005 film)"@en .
<http://dbpedia.org/resource/Kninja> 	"Kninja"@en .
<http://dbpedia.org/resource/Cielemec> 	"Cielemec"@en .
<http://dbpedia.org/resource/Undeb_Rygbi_Cymru> 	"Undeb Rygbi Cymru"@en .
<http://dbpedia.org/resource/Schuss> 	"Schuss le skieur"@fr .
<http://dbpedia.org/resource/Sakado,_Saitama> 	"Sakado"@de .
<http://dbpedia.org/resource/Oman%E2%80%93United_States_Free_Trade_Agreement> 	"Oman\u2013United States Free Trade Agreement"@en .
<http://dbpedia.org/resource/No_Biz_Like_Show_Biz> 	"No Biz Like Show Biz"@en .
<http://dbpedia.org/resource/Keystone_Studios> 	"Keystone Studios"@en .
<http://dbpedia.org/resource/Renens,_Switzerland> 	"Renens, Switzerland"@en .
<http://dbpedia.org/resource/Chilled_margin> 	"Chilled margin"@en .
<http://dbpedia.org/resource/%C3%81rzos,_Greece> 	"\u00C1rzos, Greece"@en .
<http://dbpedia.org/resource/Underground_nuclear_weapons_testing> 	"Essai nucl\u00E9aire souterrain"@fr .
<http://dbpedia.org/resource/Ephippiphora_latifasciana> 	"Ephippiphora latifasciana"@en .
<http://dbpedia.org/resource/Narai> 	"Narai"@fr .
<http://dbpedia.org/resource/PSLQ_algorithm> 	"PSLQ algorithm"@en .
<http://dbpedia.org/resource/USS_O-1> 	"USS O-1"@en .
<http://dbpedia.org/resource/TCG_Al%C3%A7%C4%B1tepe_(D_346)> 	"TCG Al\u00E7\u0131tepe (D 346)"@en .
<http://dbpedia.org/resource/Szakny%C3%A9r> 	"Szakny\u00E9r"@en .
<http://dbpedia.org/resource/Melanocytes> 	"Melanocytes"@en .
<http://dbpedia.org/resource/Duty-free_shopping> 	"Duty-free shopping"@en .
<http://dbpedia.org/resource/Text_Editor_&_Corrector> 	"Text Editor & Corrector"@en .
<http://dbpedia.org/resource/Kofler_(disambiguation)> 	"Kofler (disambiguation)"@en .
<http://dbpedia.org/resource/Arbitrary_arrests_and_detentions> 	"Arbitrary arrests and detentions"@en .
<http://dbpedia.org/resource/Durusa> 	"Durusa"@en .
<http://dbpedia.org/resource/NK_Hrastnik> 	"NK Hrastnik"@en .
<http://dbpedia.org/resource/La_Grande_Bouffe> 	"Das gro\u00DFe Fressen"@de .
<http://dbpedia.org/resource/Alfred_Coppola> 	"Alfred Coppola"@en .
<http://dbpedia.org/resource/Mickey_Devine> 	"Mickey Devine"@en .
<http://dbpedia.org/resource/2014_Inter-Provincial_Championship> 	"2014 Inter-Provincial Championship"@en .
<http://dbpedia.org/resource/Percussion_ensembles> 	"Percussion ensembles"@en .
<http://dbpedia.org/resource/Alchornea_triplinervia> 	"Alchornea triplinervia"@en .
<http://dbpedia.org/resource/Jovovichhawk> 	"Jovovichhawk"@en .
<http://dbpedia.org/resource/Radya_Yeroshina> 	"Radya Yeroshina"@fr .
<http://dbpedia.org/resource/Bustard_ramjet> 	"Bustard ramjet"@en .
<http://dbpedia.org/resource/King_Road_%E2%80%93_Whitefish_River_Bridge> 	"King Road \u2013 Whitefish River Bridge"@en .
<http://dbpedia.org/resource/List_of_Australian_rules_football_womens_leagues> 	"List of Australian rules football womens leagues"@en .
<http://dbpedia.org/resource/Johannes_de_Grocheo> 	"Johannes de Grocheo"@en .
<http://dbpedia.org/resource/Tar_(disambiguation)> 	"Tar (disambiguation)"@en .
<http://dbpedia.org/resource/Nevis_independence_referendum,_1977> 	"Nevis independence referendum, 1977"@en .
<http://dbpedia.org/resource/Sudak_Bay> 	"Sudak Bay"@en .
<http://dbpedia.org/resource/Char_Sonapur> 	"Char Sonapur"@en .
<http://dbpedia.org/resource/Osona> 	"Osona"@de .
<http://dbpedia.org/resource/Gen._George_Godfrey_House> 	"Gen. George Godfrey House"@en .
<http://dbpedia.org/resource/Division_of_bourke> 	"Division of bourke"@en .
<http://dbpedia.org/resource/Hot_100_number-one_hits_of_1980_(United_States)> 	"Hot 100 number-one hits of 1980 (United States)"@en .
<http://dbpedia.org/resource/FRM> 	"FRM"@en .
<http://dbpedia.org/resource/Shackleton%E2%80%93Rowett_Expedition> 	"Quest-Expedition"@de .
<http://dbpedia.org/resource/1997-98_Colchester_United_F.C._season> 	"1997-98 Colchester United F.C. season"@en .
<http://dbpedia.org/resource/Sidhani> 	"Sidhani"@en .
<http://dbpedia.org/resource/%E3%82%AA%E3%82%BF%E3%82%AF> 	"\u30AA\u30BF\u30AF"@en .
<http://dbpedia.org/resource/Canary_Wharf_railway_station> 	"Canary Wharf railway station"@en .
<http://dbpedia.org/resource/Caudron_C.601_Aiglon_Senior> 	"Caudron C.601 Aiglon Senior"@en .
<http://dbpedia.org/resource/Hillston_Central> 	"Hillston Central"@en .
<http://dbpedia.org/resource/Chromatin> 	"Chromatin"@de .
<http://dbpedia.org/resource/Belinda_Dermota> 	"Belinda Dermota"@en .
<http://dbpedia.org/resource/Demonheart> 	"Demonheart"@en .
<http://dbpedia.org/resource/Ferdinand_Gonz%C3%A1lez> 	"Ferdinand Gonz\u00E1lez"@en .
<http://dbpedia.org/resource/Siyu,_Penghu> 	"Siyu, Penghu"@en .
<http://dbpedia.org/resource/Short_track_speed_skating_at_the_1992_Winter_Olympics_%E2%80%93_Men's_1000_metres> 	"Short track speed skating at the 1992 Winter Olympics \u2013 Men's 1000 metres"@en .
<http://dbpedia.org/resource/Len_Bailey> 	"Len Bailey"@en .
<http://dbpedia.org/resource/DOCLE> 	"DOCLE"@en .
<http://dbpedia.org/resource/Christmas_uprising> 	"Christmas uprising"@en .
<http://dbpedia.org/resource/Alternative_Therapies_in_Health_and_Medicine> 	"Alternative Therapies in Health and Medicine"@en .
<http://dbpedia.org/resource/Around_the_moon> 	"Around the moon"@en .
<http://dbpedia.org/resource/Geza_Lodonczy> 	"Geza Lodonczy"@en .
<http://dbpedia.org/resource/Saint-Valery-en-Caux> 	"Saint-Valery-en-Caux"@de .
<http://dbpedia.org/resource/Sardinia_Radio_Telescope> 	"Sardinia Radio Telescope"@de .
<http://dbpedia.org/resource/Bogdan%C3%B3w-Kolonia> 	"Bogdan\u00F3w-Kolonia"@en .
<http://dbpedia.org/resource/Eight_fold_path> 	"Eight fold path"@en .
<http://dbpedia.org/resource/Root_key> 	"Root key"@en .
<http://dbpedia.org/resource/Howard_Payne_Yellowjackets_football> 	"Howard Payne Yellowjackets football"@en .
<http://dbpedia.org/resource/Eastry> 	"Eastry"@en .
<http://dbpedia.org/resource/Rhinoplasty> 	"Rhinoplastik"@de .
<http://dbpedia.org/resource/Kokomopterus> 	"Kokomopterus"@en .
<http://dbpedia.org/resource/Hartwood_Presbyterian_Church> 	"Hartwood Presbyterian Church"@en .
<http://dbpedia.org/resource/HD_23079> 	"HD 23079"@en .
<http://dbpedia.org/resource/The_Bowmans> 	"The Bowmans"@en .
<http://dbpedia.org/resource/Smoke_Jazz> 	"Smoke Jazz"@en .
<http://dbpedia.org/resource/Mount_Faraker> 	"Mount Faraker"@en .
<http://dbpedia.org/resource/Merchantrade> 	"Merchantrade"@en .
<http://dbpedia.org/resource/Went_with_the_Wind> 	"Went with the Wind"@en .
<http://dbpedia.org/resource/Qu%C3%A9bec_Interconnection> 	"Qu\u00E9bec Interconnection"@en .
<http://dbpedia.org/resource/Anlong_County> 	"Anlong"@de .
<http://dbpedia.org/resource/Pike,_Kenneth_L.> 	"Pike, Kenneth L."@en .
<http://dbpedia.org/resource/Bill_Schultz_(American_football)> 	"Bill Schultz (American football)"@en .
<http://dbpedia.org/resource/Betty_Co-ed_(disambiguation)> 	"Betty Co-ed (disambiguation)"@en .
<http://dbpedia.org/resource/LPC4000> 	"LPC4000"@en .
<http://dbpedia.org/resource/Santhikrishna> 	"Santhikrishna"@en .
<http://dbpedia.org/resource/Kevinmd> 	"Kevinmd"@en .
<http://dbpedia.org/resource/Chrysendeton_romanalis> 	"Chrysendeton romanalis"@en .
<http://dbpedia.org/resource/List_of_artists_who_have_portrayed_themselves_in_music_games> 	"List of artists who have portrayed themselves in music games"@en .
<http://dbpedia.org/resource/Regioselective_reaction> 	"Regioselective reaction"@en .
<http://dbpedia.org/resource/Kajkavian_dialects> 	"Kajkavian dialects"@en .
<http://dbpedia.org/resource/Discula_oxytropis> 	"Discula oxytropis"@en .
<http://dbpedia.org/resource/Koolade> 	"Koolade"@en .
<http://dbpedia.org/resource/September_1st> 	"September 1st"@en .
<http://dbpedia.org/resource/Islington_(TTC)> 	"Islington (Toronto Subway)"@de .
<http://dbpedia.org/resource/Media_in_McCook,_Nebraska> 	"Media in McCook, Nebraska"@en .
<http://dbpedia.org/resource/Stypandra> 	"Stypandra"@fr .
<http://dbpedia.org/resource/ROHC> 	"ROHC"@en .
<http://dbpedia.org/resource/Elvira_of_Castile,_wife_of_Roger_II> 	"Elvira of Castile, wife of Roger II"@en .
<http://dbpedia.org/resource/Buffalo_river> 	"Buffalo river"@en .
<http://dbpedia.org/resource/Abbas_al-Fadini> 	"Abbas al-Fadini"@en .
<http://dbpedia.org/resource/Presiding_Bishop_of_the_Mormon_Church> 	"Presiding Bishop of the Mormon Church"@en .
<http://dbpedia.org/resource/William_N._McVickar> 	"William N. McVickar"@en .
<http://dbpedia.org/resource/Kayonza_(district)> 	"Kayonza (district)"@en .
<http://dbpedia.org/resource/R_S_McGregor> 	"R S McGregor"@en .
<http://dbpedia.org/resource/Estadio_Julio_Humberto_Grondona> 	"Estadio Julio Humberto Grondona"@en .
<http://dbpedia.org/resource/Will_Trapp> 	"Will Trapp"@en .
<http://dbpedia.org/resource/Yeast_prion> 	"Yeast prion"@en .
<http://dbpedia.org/resource/2004_World_Monuments_Watch_List_of_Most_Endangered_Sites> 	"2004 World Monuments Watch List of Most Endangered Sites"@en .
<http://dbpedia.org/resource/Super_sargasso_sea> 	"Super sargasso sea"@en .
<http://dbpedia.org/resource/Orin%C3%B5mme> 	"Orin\u00F5mme"@en .
<http://dbpedia.org/resource/Vinod_Lakhamashi_Chavda> 	"Vinod Lakhamashi Chavda"@en .
<http://dbpedia.org/resource/Thomas_Peddie> 	"Thomas Peddie"@en .
<http://dbpedia.org/resource/U-S-A!> 	"U-S-A!"@en .
<http://dbpedia.org/resource/The_Girl_Guides_Association_of_Kiribati> 	"The Girl Guides Association of Kiribati"@en .
<http://dbpedia.org/resource/Bob_Steele_(baseball)> 	"Bob Steele (baseball)"@en .
<http://dbpedia.org/resource/Bloody_Lunatic_Asylum> 	"Bloody Lunatic Asylum"@en .
<http://dbpedia.org/resource/City_Hospital_(US_series)> 	"City Hospital (US series)"@en .
<http://dbpedia.org/resource/JNTU> 	"JNTU"@en .
<http://dbpedia.org/resource/Eurygnathus_latreillei> 	"Eurygnathus latreillei"@en .
<http://dbpedia.org/resource/Thomas_Myddelton> 	"Thomas Myddelton"@en .
<http://dbpedia.org/resource/List_of_Peabody_Award_winners_(2010-2019)> 	"List of Peabody Award winners (2010-2019)"@en .
<http://dbpedia.org/resource/Runaway_truck> 	"Runaway truck"@en .
<http://dbpedia.org/resource/Coppicing> 	"R\u00E9gime de taillis"@fr .
<http://dbpedia.org/resource/National_Parks_in_Slovakia> 	"National Parks in Slovakia"@en .
<http://dbpedia.org/resource/Dwight_James> 	"Dwight James"@en .
<http://dbpedia.org/resource/Katula> 	"Katula"@en .
<http://dbpedia.org/resource/%E0%B8%A5%E0%B8%B4%E0%B9%89%E0%B8%99%E0%B9%84%E0%B8%A1%E0%B9%89> 	"\u0E25\u0E34\u0E49\u0E19\u0E44\u0E21\u0E49"@en .
<http://dbpedia.org/resource/Great_Northern_Paper> 	"Great Northern Paper"@en .
<http://dbpedia.org/resource/SogoTrade> 	"SogoTrade"@en .
<http://dbpedia.org/resource/1989%E2%80%9390_French_Division_2> 	"Division 2 1989/90"@de .
<http://dbpedia.org/resource/Fred_Keeley> 	"Fred Keeley"@en .
<http://dbpedia.org/resource/Tours-en-Vimeu> 	"Tours-en-Vimeu"@fr .
<http://dbpedia.org/resource/Adele:_Live_at_the_Royal_Albert_Hall> 	"Adele: Live at the Royal Albert Hall"@en .
<http://dbpedia.org/resource/William_Trent_of_Trenton,_NJ> 	"William Trent of Trenton, NJ"@en .
<http://dbpedia.org/resource/Omosaurus_phillipsii> 	"Omosaurus phillipsii"@en .
<http://dbpedia.org/resource/JLRZ> 	"JLRZ"@en .
<http://dbpedia.org/resource/Kawthulei_State> 	"Kawthulei State"@en .
<http://dbpedia.org/resource/Vickers_Mk_E> 	"Vickers Mk E"@en .
<http://dbpedia.org/resource/Camden_Township,_MI> 	"Camden Township, MI"@en .
<http://dbpedia.org/resource/William_Dietz_(politician)> 	"William Dietz (Politiker)"@de .
<http://dbpedia.org/resource/Lakewood_High_School> 	"Lakewood High School"@en .
<http://dbpedia.org/resource/My.mp3.com> 	"My.mp3.com"@en .
<http://dbpedia.org/resource/Ha%C8%9Beg_Basin> 	"Ha\u021Beg Basin"@en .
<http://dbpedia.org/resource/Blue_dog_democrat> 	"Blue dog democrat"@en .
<http://dbpedia.org/resource/Alexander,_Linsey> 	"Alexander, Linsey"@en .
<http://dbpedia.org/resource/Fritz_(character)> 	"Fritz (character)"@en .
<http://dbpedia.org/resource/The_New_Jersey_Devils> 	"The New Jersey Devils"@en .
<http://dbpedia.org/resource/Waikawa,_Marlborough> 	"Waikawa, Marlborough"@en .
<http://dbpedia.org/resource/Minnesota_State_Highway_65> 	"Minnesota State Highway 65"@en .
<http://dbpedia.org/resource/Cecidomyiinae> 	"Cecidomyiinae"@fr .
<http://dbpedia.org/resource/%EF%94%9A> 	"\uF51A"@en .
<http://dbpedia.org/resource/Pierre_Berthelet> 	"Pierre Berthelet"@en .
<http://dbpedia.org/resource/Robin_Hood_Ventures> 	"Robin Hood Ventures"@en .
<http://dbpedia.org/resource/European_Office_for_Harmonisation_of_the_Internal_Market> 	"European Office for Harmonisation of the Internal Market"@en .
<http://dbpedia.org/resource/Sir_John_Stephen_Barrington_Simeon> 	"Sir John Stephen Barrington Simeon"@en .
<http://dbpedia.org/resource/Marko_Vidojkovic> 	"Marko Vidojkovic"@en .
<http://dbpedia.org/resource/Design_patterns> 	"Design patterns"@en .
<http://dbpedia.org/resource/Abubakar_Hamza> 	"Abubakar Hamza"@en .
<http://dbpedia.org/resource/Leonardo_Bertone> 	"Leonardo Bertone"@en .
<http://dbpedia.org/resource/List_of_rivers_of_Baden-Wurttemberg> 	"List of rivers of Baden-Wurttemberg"@en .
<http://dbpedia.org/resource/Space_physiology> 	"Space physiology"@en .
<http://dbpedia.org/resource/Aspic> 	"S\u00FClze"@de .
<http://dbpedia.org/resource/Bonecruncher> 	"Bonecruncher"@en .
<http://dbpedia.org/resource/Paleohorio_Sirakou> 	"Paleohorio Sirakou"@en .
<http://dbpedia.org/resource/Great_Short_Novels_of_Adult_Fantasy_I> 	"Great Short Novels of Adult Fantasy I"@en .
<http://dbpedia.org/resource/Jyvaskyla_rail_accident> 	"Jyvaskyla rail accident"@en .
<http://dbpedia.org/resource/Christoph_Lanz> 	"Christoph Lanz"@en .
<http://dbpedia.org/resource/Sankt_Sebastian,_Styria> 	"Sankt Sebastian, Styria"@en .
<http://dbpedia.org/resource/Les_hommes_pr%C3%A9f%C3%A8rent_les_grosses> 	"Les hommes pr\u00E9f\u00E8rent les grosses"@fr .
<http://dbpedia.org/resource/Misha_(woreda)> 	"Misha (woreda)"@en .
<http://dbpedia.org/resource/Empires_Mod> 	"Empires Mod"@en .
<http://dbpedia.org/resource/Heman> 	"Heman"@en .
<http://dbpedia.org/resource/2010%E2%80%9311_NFL_playoffs> 	"2010\u201311 NFL playoffs"@en .
<http://dbpedia.org/resource/Danish_Scout_Council> 	"Danish Scout Council"@en .
<http://dbpedia.org/resource/Whitestone,_Virginia> 	"Whitestone, Virginia"@en .
<http://dbpedia.org/resource/Furna_(Brava)> 	"Furna (Kap Verde)"@de .
<http://dbpedia.org/resource/Dominik_Furman> 	"Dominik Furman"@fr .
<http://dbpedia.org/resource/Clement_Furman_Haynsworth,_Jr.> 	"Clement Furman Haynsworth, Jr."@en .
<http://dbpedia.org/resource/Philip,_Count_of_Flanders> 	"Philip, Count of Flanders"@en .
<http://dbpedia.org/resource/Patumwan> 	"Patumwan"@en .
<http://dbpedia.org/resource/Cornholio> 	"Cornholio"@en .
<http://dbpedia.org/resource/Zarema_Sadulayeva> 	"Zarema Sadulayeva"@en .
<http://dbpedia.org/resource/Utpaladeva> 	"Utpaladeva"@fr .
<http://dbpedia.org/resource/Akurra> 	"Akurra"@en .
<http://dbpedia.org/resource/Anton_Engelbert_%22Toni%22_Sailer> 	"Anton Engelbert \"Toni\" Sailer"@en .
<http://dbpedia.org/resource/Fancy_Farm_Picnic> 	"Fancy Farm Picnic"@en .
<http://dbpedia.org/resource/Saint-Laurent-de-Neste> 	"Saint-Laurent-de-Neste"@fr .
<http://dbpedia.org/resource/John_balossi> 	"John balossi"@en .
<http://dbpedia.org/resource/Harry_Powlett,_4th_Duke_of_Bolton> 	"Harry Powlett, 4th Duke of Bolton"@en .
<http://dbpedia.org/resource/Apel_Codex> 	"Codex Apel"@fr .
<http://dbpedia.org/resource/Avarengo_Ramafessa> 	"Avarengo Ramafessa"@en .
<http://dbpedia.org/resource/Kazakh_Airways_Flight_1907> 	"Kazakh Airways Flight 1907"@en .
<http://dbpedia.org/resource/Bani_Saad> 	"Bani Saad"@en .
<http://dbpedia.org/resource/SMS_Lacroma> 	"SMS Lacroma"@en .
<http://dbpedia.org/resource/Food_rationing> 	"Food rationing"@en .
<http://dbpedia.org/resource/1955_Wimbledon_Championships_%E2%80%93_Women's_Singles> 	"Wimbledon Championships 1955/Dameneinzel"@de .
<http://dbpedia.org/resource/Rancho_Dominguez> 	"Rancho Dominguez"@en .
<http://dbpedia.org/resource/Special_Communications_Service_of_Russia> 	"Special Communications Service of Russia"@en .
<http://dbpedia.org/resource/Malekabad,_Anbarabad> 	"Malekabad, Anbarabad"@en .
<http://dbpedia.org/resource/Priority_Sports_and_Entertainment> 	"Priority Sports and Entertainment"@en .
<http://dbpedia.org/resource/Ruben_Aharonyan> 	"Ruben Aharonian"@fr .
<http://dbpedia.org/resource/Daniel_Hel%C3%B8y_Davidsen> 	"Daniel Hel\u00F8y Davidsen"@en .
<http://dbpedia.org/resource/Truman_H._Landon> 	"Truman H. Landon"@en .
<http://dbpedia.org/resource/Fonz,_Huesca> 	"Fonz, Huesca"@en .
<http://dbpedia.org/resource/World_Bank> 	"Weltbank"@de .
<http://dbpedia.org/resource/Natural_(Peter_Andre_song)> 	"Natural (Peter Andre song)"@en .
<http://dbpedia.org/resource/Municipality_of_Krizevci> 	"Municipality of Krizevci"@en .
<http://dbpedia.org/resource/Palauans> 	"Palauans"@en .
<http://dbpedia.org/resource/Turkish_Coffee> 	"Turkish Coffee"@en .
<http://dbpedia.org/resource/Nuts_&_Milk> 	"Nuts & Milk"@en .
<http://dbpedia.org/resource/Jules_Philippin> 	"Jules Philippin"@en .
<http://dbpedia.org/resource/Katsina,_Estonia> 	"Katsina, Estonia"@en .
<http://dbpedia.org/resource/Wave_Gathering> 	"Wave Gathering"@en .
<http://dbpedia.org/resource/Television_shows_broadcast_by_Public_Broadcasting_Service> 	"Television shows broadcast by Public Broadcasting Service"@en .
<http://dbpedia.org/resource/Nagoya_1988> 	"Nagoya 1988"@en .
<http://dbpedia.org/resource/Saint-%C3%89mile-de-Suffolk,_Quebec> 	"Saint-\u00C9mile-de-Suffolk, Quebec"@en .
<http://dbpedia.org/resource/Congruence_(general_relativity)> 	"Congruence (general relativity)"@en .
<http://dbpedia.org/resource/HMAS_Glenelg_(I)> 	"HMAS Glenelg (I)"@en .
<http://dbpedia.org/resource/George_Deane_Mitchell> 	"George Deane Mitchell"@en .
<http://dbpedia.org/resource/Grey-headed_Tody-flycatcher> 	"Grey-headed Tody-flycatcher"@en .
<http://dbpedia.org/resource/California_thrasher> 	"California thrasher"@en .
<http://dbpedia.org/resource/Oriole> 	"Oriole"@de .
<http://dbpedia.org/resource/Go_(digraph)> 	"Go (digraph)"@en .
<http://dbpedia.org/resource/Roman_Kingdom> 	"Monarchie romaine"@fr .
<http://dbpedia.org/resource/Samuel_Whittemore> 	"Samuel Whittemore"@fr .
<http://dbpedia.org/resource/Tefe_Holland> 	"Tefe Holland"@en .
<http://dbpedia.org/resource/%C3%9Cll%C5%91i_%C3%BAti_Stadion> 	"\u00DCll\u0151i \u00FAti Stadion"@en .
<http://dbpedia.org/resource/Khushaal_Khan_Khattak> 	"Khushaal Khan Khattak"@en .
<http://dbpedia.org/resource/Goodbody> 	"Goodbody"@en .
<http://dbpedia.org/resource/R._Brian_Gilgeous> 	"R. Brian Gilgeous"@en .
<http://dbpedia.org/resource/Kharia_language> 	"Kharia language"@en .
<http://dbpedia.org/resource/Ariel_Julio_Eslava> 	"Ariel Julio Eslava"@en .
<http://dbpedia.org/resource/Yanga_Roland_Fernandez> 	"Yanga Roland Fernandez"@en .
<http://dbpedia.org/resource/Antipope_Maginulf> 	"Antipope Maginulf"@en .
<http://dbpedia.org/resource/Ballyntine_Cove,_Newfoundland_and_Labrador> 	"Ballyntine Cove, Newfoundland and Labrador"@en .
<http://dbpedia.org/resource/Billy_Mckay> 	"Billy McKay"@fr .
<http://dbpedia.org/resource/Qungzusian> 	"Qungzusian"@en .
<http://dbpedia.org/resource/Registered_jack> 	"Registered jack"@en .
<http://dbpedia.org/resource/Tammuz_(Hebrew_month)> 	"Tammus"@de .
<http://dbpedia.org/resource/J%C3%BCrgen_Mlynek> 	"J\u00FCrgen Mlynek"@de .
<http://dbpedia.org/resource/Gobchang-jeongol> 	"Gobchang-jeongol"@en .
<http://dbpedia.org/resource/U.S._Highway_1_Business_(St._Augustine,_Florida)> 	"U.S. Highway 1 Business (St. Augustine, Florida)"@en .
<http://dbpedia.org/resource/Robo_Geisha> 	"Robo Geisha"@en .
<http://dbpedia.org/resource/California_history_(wine)> 	"California history (wine)"@en .
<http://dbpedia.org/resource/Adaptive_equalization> 	"Adaptive equalization"@en .
<http://dbpedia.org/resource/1980_World_Championships_in_Athletics> 	"Leichtathletik-Weltmeisterschaften 1980"@de .
<http://dbpedia.org/resource/Clifton_Mining> 	"Clifton Mining"@en .
<http://dbpedia.org/resource/Michaela_Badinkov%C3%A1> 	"Michaela Badinkov\u00E1"@en .
<http://dbpedia.org/resource/Amadej_coat_of_arms> 	"Amadej coat of arms"@en .
<http://dbpedia.org/resource/Can't_Help_Falling_in_Love> 	"Can't Help Falling in Love"@fr .
<http://dbpedia.org/resource/Rostelekom> 	"Rostelekom"@en .
<http://dbpedia.org/resource/Claude-Andr%C3%A9_Deseine> 	"Claude-Andr\u00E9 Deseine"@en .
<http://dbpedia.org/resource/Xinshi_Township> 	"Xinshi Township"@en .
<http://dbpedia.org/resource/Yorku> 	"Yorku"@en .
<http://dbpedia.org/resource/1992_King_Fahd_Cup> 	"1992 King Fahd Cup"@en .
<http://dbpedia.org/resource/2010_Norwegian_Football_Cup_Final> 	"2010 Norwegian Football Cup Final"@en .
<http://dbpedia.org/resource/Henry_Edgar> 	"Henry Edgar"@en .
<http://dbpedia.org/resource/Margarita_of_Austria> 	"Margarita of Austria"@en .
<http://dbpedia.org/resource/Nepalese_Hong_Konger> 	"Nepalese Hong Konger"@en .
<http://dbpedia.org/resource/Vernassina> 	"Vernassina"@en .
<http://dbpedia.org/resource/Clover_Township,_Clearwater_County,_MN> 	"Clover Township, Clearwater County, MN"@en .
<http://dbpedia.org/resource/Montenegrin-Ukrainian_relations> 	"Montenegrin-Ukrainian relations"@en .
<http://dbpedia.org/resource/After_Dark_(disambiguation)> 	"After Dark (disambiguation)"@en .
<http://dbpedia.org/resource/Conjunctive_Query> 	"Conjunctive Query"@en .
<http://dbpedia.org/resource/Old_Age_Survivors_Insurance_Trust_Fund> 	"Old Age Survivors Insurance Trust Fund"@en .
<http://dbpedia.org/resource/Khaz-e_Bahari> 	"Khaz-e Bahari"@en .
<http://dbpedia.org/resource/Arm_band> 	"Arm band"@en .
<http://dbpedia.org/resource/FOSSIL> 	"FOSSIL"@en .
<http://dbpedia.org/resource/Great_St_Mary's> 	"Great St Mary's"@en .
<http://dbpedia.org/resource/The_Daily_Show:_Indecision_2004> 	"The Daily Show: Indecision 2004"@en .
<http://dbpedia.org/resource/Orconectes_kentuckiensis> 	"Orconectes kentuckiensis"@en .
<http://dbpedia.org/resource/Hales_Franciscan_High_School> 	"Hales Franciscan High School"@en .
<http://dbpedia.org/resource/Cyanide_pill> 	"Cyanide pill"@en .
<http://dbpedia.org/resource/Uyghur_Latin_Yeziqi> 	"Uyghur Latin Yeziqi"@en .
<http://dbpedia.org/resource/Byron_Bay_International_Film_Festival> 	"Byron Bay International Film Festival"@en .
<http://dbpedia.org/resource/Seal's_Sportive_Lemur> 	"Seal's Sportive Lemur"@en .
<http://dbpedia.org/resource/Night_of_the_Bloody_Apes_(album)> 	"Night of the Bloody Apes (album)"@en .
<http://dbpedia.org/resource/Middle_Village_%E2%80%93_Metropolitan_Avenue_(BMT_Myrtle_Avenue_Line)> 	"Middle Village \u2013 Metropolitan Avenue"@fr .
<http://dbpedia.org/resource/Aaptos_glutinans> 	"Aaptos glutinans"@en .
<http://dbpedia.org/resource/Moorlands_Radio> 	"Moorlands Radio"@en .
<http://dbpedia.org/resource/Rus-M> 	"Rus-M"@de .
<http://dbpedia.org/resource/Center_for_International_Environmental_Law> 	"Center for International Environmental Law"@en .
<http://dbpedia.org/resource/Internet_Sacred_Texts_Archive> 	"Internet Sacred Texts Archive"@en .
<http://dbpedia.org/resource/Mechlin-Brussels> 	"Mechlin-Brussels"@en .
<http://dbpedia.org/resource/Clarence_Boucher> 	"Clarence Boucher"@en .
<http://dbpedia.org/resource/R._B._Smith_(Hampshire_cricketer)> 	"R. B. Smith (Hampshire cricketer)"@en .
<http://dbpedia.org/resource/Scary_Go_Round> 	"Scary Go Round"@de .
<http://dbpedia.org/resource/Blue_Jeans_Williams> 	"Blue Jeans Williams"@en .
<http://dbpedia.org/resource/Pul-i_Khisti_mosque> 	"Pul-i Khisti mosque"@en .
<http://dbpedia.org/resource/Franklin_Borough_School_District> 	"Franklin Borough School District"@en .
<http://dbpedia.org/resource/Double_siders> 	"Double siders"@en .
<http://dbpedia.org/resource/Carnegie_mellon_school_of_drama> 	"Carnegie mellon school of drama"@en .
<http://dbpedia.org/resource/Winslow,_California> 	"Winslow, California"@en .
<http://dbpedia.org/resource/Edward_Walker_Archer> 	"Edward Walker Archer"@en .
<http://dbpedia.org/resource/John_Llewellin> 	"John Llewellin"@en .
<http://dbpedia.org/resource/Bhagsar> 	"Bhagsar"@en .
<http://dbpedia.org/resource/Le_Cinqui%C3%A8me_%C3%89l%C3%A9ment> 	"Le Cinqui\u00E8me \u00C9l\u00E9ment"@en .
<http://dbpedia.org/resource/Orion_II> 	"Orion II"@en .
<http://dbpedia.org/resource/Personal_Fiduciary_Services> 	"Personal Fiduciary Services"@en .
<http://dbpedia.org/resource/Idolomantis_diabolica> 	"Idolomantis diabolica"@en .
<http://dbpedia.org/resource/European_Parliament_election,_1994_(Greece)> 	"European Parliament election, 1994 (Greece)"@en .
<http://dbpedia.org/resource/Navarro_(surname)> 	"Navarro (surname)"@en .
<http://dbpedia.org/resource/KY-13> 	"KY-13"@en .
<http://dbpedia.org/resource/Chick_Henderson> 	"Chick Henderson"@en .
<http://dbpedia.org/resource/Peninsulas_of_japan> 	"Peninsulas of japan"@en .
<http://dbpedia.org/resource/Disney's_Lilo_&_Stitch> 	"Disney's Lilo & Stitch"@en .
<http://dbpedia.org/resource/Hoseynabad-e_Qaleh_Sorkh> 	"Hoseynabad-e Qaleh Sorkh"@en .
<http://dbpedia.org/resource/Countermure> 	"Countermure"@en .
<http://dbpedia.org/resource/The_Detachment_Kit> 	"The Detachment Kit"@en .
<http://dbpedia.org/resource/DJ_Whoo_Kid> 	"DJ Whoo Kid"@en .
<http://dbpedia.org/resource/Komsomolets_(rural_locality)> 	"Komsomolets (rural locality)"@en .
<http://dbpedia.org/resource/Barbaira> 	"Barbaira"@en .
<http://dbpedia.org/resource/Excitation_contraction_coupling> 	"Excitation contraction coupling"@en .
<http://dbpedia.org/resource/Frisian_peasants_revolt> 	"Frisian peasants revolt"@en .
<http://dbpedia.org/resource/Veldhuis> 	"Veldhuis"@en .
<http://dbpedia.org/resource/Bertrand_game> 	"Bertrand game"@en .
<http://dbpedia.org/resource/Yankee_bonds> 	"Yankee bonds"@en .
<http://dbpedia.org/resource/MOS:DABREDLINKS> 	"MOS:DABREDLINKS"@en .
<http://dbpedia.org/resource/Tom_Cochran> 	"Tom Cochran"@en .
<http://dbpedia.org/resource/Brokstedt> 	"Brokstedt"@de .
<http://dbpedia.org/resource/State_Trunk_Highway_77_(Wisconsin)> 	"State Trunk Highway 77 (Wisconsin)"@en .
<http://dbpedia.org/resource/Friends_of_HAS_Haiti> 	"Friends of HAS Haiti"@en .
<http://dbpedia.org/resource/Brave_(Jennifer_Lopez_album)> 	"Brave (Jennifer Lopez album)"@en .
<http://dbpedia.org/resource/Dark_Maze_Studios> 	"Dark Maze Studios"@en .
<http://dbpedia.org/resource/USA_Eagles> 	"USA Eagles"@en .
<http://dbpedia.org/resource/Eny%C5%AB,_Emperor_of_Japan> 	"Eny\u016B, Emperor of Japan"@en .
<http://dbpedia.org/resource/Companies_Registration_Office,_Ireland> 	"Companies Registration Office, Ireland"@en .
<http://dbpedia.org/resource/Rainbow_vacuum> 	"Rainbow vacuum"@en .
<http://dbpedia.org/resource/NV_226> 	"NV 226"@en .
<http://dbpedia.org/resource/Chaos_(performer)> 	"Chaos (performer)"@en .
<http://dbpedia.org/resource/David_W._Wolkowsky> 	"David W. Wolkowsky"@en .
<http://dbpedia.org/resource/List_of_mosques_in_Hong_Kong> 	"List of mosques in Hong Kong"@en .
<http://dbpedia.org/resource/Young_Conservative> 	"Young Conservative"@en .
<http://dbpedia.org/resource/C22H27FN2O> 	"C22H27FN2O"@en .
<http://dbpedia.org/resource/Najas_flexilis> 	"Biegsames Nixenkraut"@de .
<http://dbpedia.org/resource/Gnanakoothan> 	"Gnanakoothan"@en .
<http://dbpedia.org/resource/Arthur_C._Clarke_Award> 	"Arthur C. Clarke Award"@de .
<http://dbpedia.org/resource/Tryvann_vinterpark> 	"Tryvann vinterpark"@en .
<http://dbpedia.org/resource/Michael_J._Stone> 	"Michael J. Stone"@en .
<http://dbpedia.org/resource/Capocorb_Vell> 	"Capocorb Vell"@de .
<http://dbpedia.org/resource/China_State_Grid_Corporation> 	"China State Grid Corporation"@en .
<http://dbpedia.org/resource/Wie_sch%C3%B6n_leuchtet_der_Morgenstern> 	"Wie sch\u00F6n leuchtet der Morgenstern"@de .
<http://dbpedia.org/resource/2010_FIFA_World_Cup_qualification_-_CAF_First_Group_Round> 	"2010 FIFA World Cup qualification - CAF First Group Round"@en .
<http://dbpedia.org/resource/FlashDevelop> 	"FlashDevelop"@fr .
<http://dbpedia.org/resource/Gum_Tree,_Arkansas> 	"Gum Tree, Arkansas"@en .
<http://dbpedia.org/resource/Richland,_Texas> 	"Richland (Texas)"@de .
<http://dbpedia.org/resource/Karishk> 	"Karishk"@en .
<http://dbpedia.org/resource/Thailand_at_major_beauty_pageants> 	"Thailand at major beauty pageants"@en .
<http://dbpedia.org/resource/Gerdau> 	"Gerdau"@en .
<http://dbpedia.org/resource/A_History_of_the_World_in_101/2_Chapters> 	"A History of the World in 101/2 Chapters"@en .
<http://dbpedia.org/resource/Ohio_Akron> 	"Ohio Akron"@en .
<http://dbpedia.org/resource/Sam_Anderson_(writer)> 	"Sam Anderson (writer)"@en .
<http://dbpedia.org/resource/Martine_Lamy> 	"Martine Lamy"@en .
<http://dbpedia.org/resource/Dee_Dee_Sperling> 	"Dee Dee Sperling"@en .
<http://dbpedia.org/resource/Face_diagonal> 	"Face diagonal"@en .
<http://dbpedia.org/resource/American_Monthly_Magazine_(disambiguation)> 	"American Monthly Magazine (disambiguation)"@en .
<http://dbpedia.org/resource/Third_Year_Z_Class:_GinPachi_Sensei> 	"Third Year Z Class: GinPachi Sensei"@en .
<http://dbpedia.org/resource/Cathedral_(Ragusa)> 	"Cathedral (Ragusa)"@en .
<http://dbpedia.org/resource/Gigabit> 	"Gigabit"@de .
<http://dbpedia.org/resource/Prince_Frederick_Lewis,_1st_Duke_of_Edinburgh> 	"Prince Frederick Lewis, 1st Duke of Edinburgh"@en .
<http://dbpedia.org/resource/TMT_(Today_Makes_Tomorrow)> 	"TMT (Today Makes Tomorrow)"@en .
<http://dbpedia.org/resource/Awake_Is_The_New_Sleep> 	"Awake Is The New Sleep"@en .
<http://dbpedia.org/resource/Feletto> 	"Feletto"@fr .
<http://dbpedia.org/resource/Red_Line_(album)> 	"Red Line (album)"@en .
<http://dbpedia.org/resource/Albert_Tucker_(Australian_politician)> 	"Albert Tucker (Australian politician)"@en .
<http://dbpedia.org/resource/Kevin_Doyle_(actor)> 	"Kevin Doyle (actor)"@en .
<http://dbpedia.org/resource/%C3%96n%C3%BCt> 	"\u00D6n\u00FCt"@en .
<http://dbpedia.org/resource/El_Auria> 	"El Auria"@en .
<http://dbpedia.org/resource/Mogen_Avrahom> 	"Mogen Avrahom"@en .
<http://dbpedia.org/resource/Jel%C5%A1ovce> 	"Jel\u0161ovce"@fr .
<http://dbpedia.org/resource/Harald_A._Rehder> 	"Harald A. Rehder"@en .
<http://dbpedia.org/resource/Wild_perennial_lupine> 	"Wild perennial lupine"@en .
<http://dbpedia.org/resource/Horn,_Rutland> 	"Horn, Rutland"@en .
<http://dbpedia.org/resource/Big_Bad_Hank> 	"Big Bad Hank"@en .
<http://dbpedia.org/resource/Mountain_Plum-pine> 	"Mountain Plum-pine"@en .
<http://dbpedia.org/resource/Transavia.com> 	"Transavia.com"@fr .
<http://dbpedia.org/resource/Schneider_ES-52> 	"Schneider ES-52"@en .
<http://dbpedia.org/resource/HOGO> 	"HOGO"@en .
<http://dbpedia.org/resource/Bambusa_aurea> 	"Bambusa aurea"@en .
<http://dbpedia.org/resource/Hip_(album)> 	"Hip (album)"@en .
<http://dbpedia.org/resource/Anthony_Buckley> 	"Anthony Buckley"@en .
<http://dbpedia.org/resource/Female_Convict_Scorpion:_Beast_Stable> 	"La Tani\u00E8re de la b\u00EAte"@fr .
<http://dbpedia.org/resource/Bartlesville,_OK_Micropolitan_Statistical_Area> 	"Bartlesville, OK Micropolitan Statistical Area"@en .
<http://dbpedia.org/resource/Kim_Sun-ok_(bobsleigh)> 	"Kim Sun-ok (bobsleigh)"@en .
<http://dbpedia.org/resource/East_Kerry_Senior_Football_Championship> 	"East Kerry Senior Football Championship"@en .
<http://dbpedia.org/resource/Pomella_(gastropod)> 	"Pomella (gastropod)"@en .
<http://dbpedia.org/resource/Hip_hop_hall_of_fame_awards> 	"Hip hop hall of fame awards"@en .
<http://dbpedia.org/resource/High_Commissioner_of_the_Levant> 	"Hochkommissar der Levante"@de .
<http://dbpedia.org/resource/Tui_na> 	"Tuina"@de .
<http://dbpedia.org/resource/T'ien-t'ai> 	"T'ien-t'ai"@en .
<http://dbpedia.org/resource/Mount_Black_Prince> 	"Mount Black Prince"@en .
<http://dbpedia.org/resource/Polyosma> 	"Polyosma"@en .
<http://dbpedia.org/resource/Hardel_Rise> 	"Hardel Rise"@en .
<http://dbpedia.org/resource/328th_Fighter_Squadron> 	"328th Fighter Squadron"@en .
<http://dbpedia.org/resource/Terminator_canary> 	"Terminator canary"@en .
<http://dbpedia.org/resource/Anglican-German_Bishopric_in_Jerusalem> 	"\u00C9v\u00EAch\u00E9 protestant \u00E0 J\u00E9rusalem"@fr .
<http://dbpedia.org/resource/Donnatal> 	"Donnatal"@en .
<http://dbpedia.org/resource/Big_Valley_Jamboree> 	"Big Valley Jamboree"@en .
<http://dbpedia.org/resource/Buk_(disambiguation)> 	"Buk (disambiguation)"@en .
<http://dbpedia.org/resource/Kingsthorpe_College> 	"Kingsthorpe College"@en .
<http://dbpedia.org/resource/BC_Mure%C8%99> 	"BC Mure\u0219"@en .
<http://dbpedia.org/resource/Social_Justice> 	"Social Justice"@en .
<http://dbpedia.org/resource/G%C3%BCnther_Johannes_Jauch> 	"G\u00FCnther Johannes Jauch"@en .
<http://dbpedia.org/resource/Tiffany,_Wisconsin> 	"Tiffany, Wisconsin"@en .
<http://dbpedia.org/resource/Nova_Southeastern_Sharks_baseball> 	"Nova Southeastern Sharks baseball"@en .
<http://dbpedia.org/resource/Leigh_light> 	"Leigh light"@de .
<http://dbpedia.org/resource/California_State_Route_158> 	"California State Route 158"@en .
<http://dbpedia.org/resource/The_Serpent's_Egg_(film)> 	"L'\u0152uf du serpent"@fr .
<http://dbpedia.org/resource/Stephen_Cassan> 	"Stephen Cassan"@en .
<http://dbpedia.org/resource/Gobiodes_broussonneti> 	"Gobiodes broussonneti"@en .
<http://dbpedia.org/resource/Marine_energy> 	"Meeresenergie"@de .
<http://dbpedia.org/resource/(324)_Bamberga> 	"(324) Bamberga"@en .
<http://dbpedia.org/resource/Asyik_FM> 	"Asyik FM"@en .
<http://dbpedia.org/resource/Wallenberg_(opera)> 	"Wallenberg (Oper)"@de .
<http://dbpedia.org/resource/Setar> 	"Setar"@en .
<http://dbpedia.org/resource/Yarelis_Barrios> 	"Yarelis Barrios"@en .
<http://dbpedia.org/resource/AntiVirus> 	"AntiVirus"@en .
<http://dbpedia.org/resource/Sports_in_Montana> 	"Sports in Montana"@en .
<http://dbpedia.org/resource/MEDACT> 	"MEDACT"@en .
<http://dbpedia.org/resource/Expanded_cuboctahedron> 	"Expanded cuboctahedron"@en .
<http://dbpedia.org/resource/Sulahria> 	"Sulahria"@en .
<http://dbpedia.org/resource/Raymond_C._Clevenger> 	"Raymond C. Clevenger"@en .
<http://dbpedia.org/resource/Giambattista_Pioda> 	"Giambattista Pioda"@en .
<http://dbpedia.org/resource/The_Realm_of_Joy> 	"The Realm of Joy"@en .
<http://dbpedia.org/resource/Crain's_magazine> 	"Crain's magazine"@en .
<http://dbpedia.org/resource/Jasnoch%C3%B3wka> 	"Jasnoch\u00F3wka"@en .
<http://dbpedia.org/resource/Tillering> 	"Tillering"@en .
<http://dbpedia.org/resource/Roger_Goree> 	"Roger Goree"@en .
<http://dbpedia.org/resource/Das_Salinas_River> 	"Das Salinas River"@en .
<http://dbpedia.org/resource/Fox_in_fiction> 	"Fox in fiction"@en .
<http://dbpedia.org/resource/Paullin> 	"Paullin"@en .
<http://dbpedia.org/resource/Acker,_Tom> 	"Acker, Tom"@en .
<http://dbpedia.org/resource/Cinema_of_Bolivia> 	"Cin\u00E9ma bolivien"@fr .
<http://dbpedia.org/resource/Ministry_of_Public_Building_and_Works> 	"Ministry of Public Building and Works"@en .
<http://dbpedia.org/resource/%EE%89%99> 	"\uE259"@en .
<http://dbpedia.org/resource/List_of_United_States_federal_courthouses_in_New_Hampshire> 	"List of United States federal courthouses in New Hampshire"@en .
<http://dbpedia.org/resource/Klaw_(disambiguation)> 	"Klaw (disambiguation)"@en .
<http://dbpedia.org/resource/Kaamana_Billu> 	"Kaamana Billu"@en .
<http://dbpedia.org/resource/Eckart_Wagner> 	"Eckart Wagner"@en .
<http://dbpedia.org/resource/Utnefjorden> 	"Utnefjorden"@en .
<http://dbpedia.org/resource/Prays_gamma> 	"Prays gamma"@en .
<http://dbpedia.org/resource/Arnost_Goldflam> 	"Arnost Goldflam"@en .
<http://dbpedia.org/resource/Vince_McMahon_Sr.> 	"Vince McMahon Sr."@en .
<http://dbpedia.org/resource/Queen_Elizabeth's_Grammar_School> 	"Queen Elizabeth's Grammar School"@en .
<http://dbpedia.org/resource/Tizica> 	"Tizica"@en .
<http://dbpedia.org/resource/TEMA_(disambiguation)> 	"TEMA (disambiguation)"@en .
<http://dbpedia.org/resource/Jardas_al_'Abid> 	"Jardas al 'Abid"@en .
<http://dbpedia.org/resource/Dutch_Kitzmiller> 	"Dutch Kitzmiller"@en .
<http://dbpedia.org/resource/Mufassir> 	"Mufassir"@en .
<http://dbpedia.org/resource/M%C3%BCckeln> 	"M\u00FCckeln"@de .
<http://dbpedia.org/resource/Qingxiu_District> 	"Qingxiu"@de .
<http://dbpedia.org/resource/Entropia_(disambiguation)> 	"Entropia (disambiguation)"@en .
<http://dbpedia.org/resource/Danny_Hale_(American_football)> 	"Danny Hale (American football)"@en .
<http://dbpedia.org/resource/Browns_River> 	"Browns River"@de .
<http://dbpedia.org/resource/Polokwane_International_Airport> 	"Polokwane International Airport"@en .
<http://dbpedia.org/resource/S500_(disambiguation)> 	"S500 (disambiguation)"@en .
<http://dbpedia.org/resource/Whaler_(album)> 	"Whaler (album)"@en .
<http://dbpedia.org/resource/Where_the_Hot_Wind_Blows> 	"Where the Hot Wind Blows"@en .
<http://dbpedia.org/resource/The_Queen's_Award_for_Enterprise:_Sustainable_Development_(Environmental_Achievement)_(2001)> 	"The Queen's Award for Enterprise: Sustainable Development (Environmental Achievement) (2001)"@en .
<http://dbpedia.org/resource/Thomas_George_Greenwell> 	"Thomas George Greenwell"@en .
<http://dbpedia.org/resource/Ingeborg_von_Kusserow> 	"Ingeborg von Kusserow"@en .
<http://dbpedia.org/resource/Triptych_(Shooting_at_Unarmed_Men_album)> 	"Triptych (Shooting at Unarmed Men album)"@en .
<http://dbpedia.org/resource/Gerard_de_lairesse> 	"Gerard de lairesse"@en .
<http://dbpedia.org/resource/Evangelical_Baptist_Church> 	"Evangelical Baptist Church"@en .
