http://linkedgeodata.org/triplify/node1016712471	-29.0889	-67.6362	Parrón	
http://linkedgeodata.org/triplify/node1016712483	-29.0638	-67.6621	Cueva Romero	
http://linkedgeodata.org/triplify/node1024005321	47.0561	13.093	Kreuzkogellift Bergstation	
http://linkedgeodata.org/triplify/node1024005583	47.0598	13.076	Kreuzkogellift Talstation	
http://linkedgeodata.org/triplify/node1026028515	33.8565	130.796	山麓	
http://linkedgeodata.org/triplify/node1026028515	33.8565	130.796	山麓	
http://linkedgeodata.org/triplify/node1026028571	33.8468	130.795	山上	
http://linkedgeodata.org/triplify/node1026028571	33.8468	130.795	山上	
http://linkedgeodata.org/triplify/node1026822655	50.6553	14.0394	Větruše	
http://linkedgeodata.org/triplify/node1026822661	50.6583	14.04	OC Forum	
http://linkedgeodata.org/triplify/node1037586079	45.4523	6.89755	Les Lanches	
http://linkedgeodata.org/triplify/node1037586712	45.4519	6.89822	Funiculaire Grande Motte	
http://linkedgeodata.org/triplify/node1038846181	4.93751	-73.8983	Voladero Fabio Boy	
http://linkedgeodata.org/triplify/node1040067874	45.4324	6.95294	Fontaine Froide	
http://linkedgeodata.org/triplify/node1040136856	45.4518	6.88148	Col du Palet	
http://linkedgeodata.org/triplify/node1043706766	-33.4249	-70.6323	Estación Cumbre	
http://linkedgeodata.org/triplify/node1043706791	-33.4151	-70.6173	Estación Oásis	
http://linkedgeodata.org/triplify/node1048975252	45.452	6.9398	Bozetto	
http://linkedgeodata.org/triplify/node1064337959	47.2725	12.3036	Mittelstation Smaragdbahn	
http://linkedgeodata.org/triplify/node1064337961	47.2832	12.293	Bergstation Smaragdbahn	
http://linkedgeodata.org/triplify/node1064337963	47.2726	12.3402	Talstation Smaragdbahn	
http://linkedgeodata.org/triplify/node1064736068	36.9212	138.477	日影ゴンドラ山麓駅	
http://linkedgeodata.org/triplify/node1064998429	36.9214	138.47	中間駅	
http://linkedgeodata.org/triplify/node1065023544	36.9068	138.481	やまびこ駅	
http://linkedgeodata.org/triplify/node1065030413	36.9078	138.482	上ノ平フォー	
http://linkedgeodata.org/triplify/node1065058434	36.7242	138.507	発哺温泉山麓	
http://linkedgeodata.org/triplify/node1065058435	36.7287	138.52	東館山頂	
http://linkedgeodata.org/triplify/node1067951890	45.4155	6.61699	Crêtes	
http://linkedgeodata.org/triplify/node1068279066	39.741	-77.9344	EZ Rider	
http://linkedgeodata.org/triplify/node1068279082	39.7464	-77.9349	Expert's Choice	
http://linkedgeodata.org/triplify/node1068279098	39.7415	-77.9343	Whitetail Express	
http://linkedgeodata.org/triplify/node1068285343	39.7399	-77.9323	Lift Off	
http://linkedgeodata.org/triplify/node1068285356	39.7408	-77.9343	U-Me Double	
http://linkedgeodata.org/triplify/node1070163046	36.7274	138.507	発哺温泉	
http://linkedgeodata.org/triplify/node1070163050	36.72	138.493	注が池蓮池	
http://linkedgeodata.org/triplify/node1070163054	36.7603	138.512	山頂駅	
http://linkedgeodata.org/triplify/node1070200267	36.7658	138.535	大洞駅	
http://linkedgeodata.org/triplify/node1070200268	36.7652	138.515	山頂駅	
http://linkedgeodata.org/triplify/node1074503293	36.9384	139.754	山麓駅	
http://linkedgeodata.org/triplify/node1074503296	36.9236	139.773	山頂駅	
http://linkedgeodata.org/triplify/node1074579947	35.9133	138.205	山麓駅	
http://linkedgeodata.org/triplify/node1074579949	35.905	138.181	山頂駅	
http://linkedgeodata.org/triplify/node1074774596	47.1973	11.16	2	
http://linkedgeodata.org/triplify/node1074774661	47.1985	11.1596	3	
http://linkedgeodata.org/triplify/node1074774728	47.1958	11.1604	1	
http://linkedgeodata.org/triplify/node1078699084	46.5136	8.60789	Pesciüm	
http://linkedgeodata.org/triplify/node1078699088	46.5086	8.6239	Ravina	
http://linkedgeodata.org/triplify/node1078699091	46.5084	8.62407	Ravina	
http://linkedgeodata.org/triplify/node1078699095	46.5095	8.6151	Cassinello	
http://linkedgeodata.org/triplify/node1078699099	46.5066	8.59262	Comascnè	
http://linkedgeodata.org/triplify/node1078699118	46.5022	8.6099	Varozzei	
http://linkedgeodata.org/triplify/node1084036863	47.7004	12.0232	Bergstation Lacherlift	
http://linkedgeodata.org/triplify/node1084036869	47.6971	12.0143	Talstation Lacherlift	
http://linkedgeodata.org/triplify/node1084072422	19.4716	-72.7003	Natcom	
http://linkedgeodata.org/triplify/node1084393871	19.4692	-72.6978	poteau electrique	
http://linkedgeodata.org/triplify/node1088211130	47.2122	10.9318	Acherkogel 2	
http://linkedgeodata.org/triplify/node1088211132	47.2075	10.9167	Acherkogel 2	
http://linkedgeodata.org/triplify/node1088264873	47.5985	11.047	Wanklift I	
http://linkedgeodata.org/triplify/node1088265259	47.5983	11.0474	Wanklift II	
http://linkedgeodata.org/triplify/node1088946832	47.218	11.3528	Nockhof	
http://linkedgeodata.org/triplify/node1089264436	19.4716	-72.7003	Natcom	
http://linkedgeodata.org/triplify/node1094990179	45.6364	24.6071	Bâlea Cascadă	
http://linkedgeodata.org/triplify/node1096349388	46.303	10.8367	Stazione intermedia	
http://linkedgeodata.org/triplify/node1096349433	46.3191	10.8363	Daolasa - Val Mastellina	
http://linkedgeodata.org/triplify/node1096349566	46.2807	10.8323	Daolasa - Val Mastellina	
http://linkedgeodata.org/triplify/node1096421209	45.4664	6.88574	Grand Huit	
http://linkedgeodata.org/triplify/node1096422188	45.4591	6.96424	Funival	
http://linkedgeodata.org/triplify/node1103558655	46.4472	7.14579	Praz Perron	
http://linkedgeodata.org/triplify/node1106359501	46.5075	7.37634	Lengebrand	
http://linkedgeodata.org/triplify/node1106852166	19.2617	-72.5174	l'esthere@ marchand	
http://linkedgeodata.org/triplify/node1109735816	34.8761	-1.31392	El Kalaa	
http://linkedgeodata.org/triplify/node1109735818	34.8817	-1.31767	Grand Bassin	
http://linkedgeodata.org/triplify/node1109735825	34.868	-1.31835	Lala Setti	
http://linkedgeodata.org/triplify/node1109895025	45.9095	7.67799	Bec Carré	
http://linkedgeodata.org/triplify/node1109895123	45.9104	7.68046	Du Col	
http://linkedgeodata.org/triplify/node1112085196	47.5923	13.9625	Mittelstation	
http://linkedgeodata.org/triplify/node1112085248	47.58	13.9763	Talstation	
http://linkedgeodata.org/triplify/node1116078026	42.8167	0.32004	Téléphérique	
http://linkedgeodata.org/triplify/node1126740831	19.479	-72.6584	poteau electrique	
http://linkedgeodata.org/triplify/node1126740996	19.4769	-72.6641	poteau electrique	
http://linkedgeodata.org/triplify/node1126741008	19.4793	-72.6579	poteau electrique	
http://linkedgeodata.org/triplify/node1126741029	19.4766	-72.6643	poteau electrique	
http://linkedgeodata.org/triplify/node1126741128	19.4872	-72.6521	poteau electrique	
http://linkedgeodata.org/triplify/node1126741221	19.4771	-72.659	poteau electrique	
http://linkedgeodata.org/triplify/node1131236831	49.165	20.2704	Tatranská Lomnica	
http://linkedgeodata.org/triplify/node1131236836	49.1793	20.2562	Štart	
http://linkedgeodata.org/triplify/node1131238039	49.1784	20.2562	Štart	
http://linkedgeodata.org/triplify/node1131238041	49.1827	20.2458	Čučoriedky	
http://linkedgeodata.org/triplify/node1132306386	5.05761	-75.4845	Camino de la Palma	
http://linkedgeodata.org/triplify/node1132306387	5.06334	-75.4813	Los Yarumos	
http://linkedgeodata.org/triplify/node1134357020	45.3741	6.58013	Chalets	
http://linkedgeodata.org/triplify/node1134357024	45.3739	6.57323	Chalets	
http://linkedgeodata.org/triplify/node1137643708	46.3699	7.02716	Brion	
http://linkedgeodata.org/triplify/node1137644119	46.3699	7.02695	Brion	
http://linkedgeodata.org/triplify/node1137741163	46.9351	8.68716	Bergstation Gitschen	
http://linkedgeodata.org/triplify/node11399285	46.4019	7.7778	Wiler (Lötschen)	
http://linkedgeodata.org/triplify/node11399290	46.4111	7.77387	Lauchernalp	
http://linkedgeodata.org/triplify/node1141040470	46.23	7.88101	Zwischenstation "Zur Kirche"	
http://linkedgeodata.org/triplify/node11416005	46.4765	7.66357	Kandersteg LKS	
http://linkedgeodata.org/triplify/node11417694	46.4976	7.68264	Kandersteg	
http://linkedgeodata.org/triplify/node11417702	46.5022	7.69744	Bergstation Oeschinen	
http://linkedgeodata.org/triplify/node1141963668	46.3456	7.48552	Bellalui	
http://linkedgeodata.org/triplify/node1142562096	48.961	19.5907	Priehyba	
http://linkedgeodata.org/triplify/node1142562101	48.9715	19.5966	Záhradky	
http://linkedgeodata.org/triplify/node1146243318	45.2451	6.56991	Telecorde	
http://linkedgeodata.org/triplify/node1146243493	45.2954	6.57779	Campagnols	
http://linkedgeodata.org/triplify/node1146243565	45.2963	6.57546	Musaraigne	
http://linkedgeodata.org/triplify/node1154378822	47.2197	12.9579	3	
http://linkedgeodata.org/triplify/node1154378825	47.2169	12.9468	7	
http://linkedgeodata.org/triplify/node1154378826	47.2202	12.96	2	
http://linkedgeodata.org/triplify/node1154378827	47.2205	12.9613	1	
http://linkedgeodata.org/triplify/node1154378828	47.2157	12.9418	9	
http://linkedgeodata.org/triplify/node1154378829	47.218	12.9513	6	
http://linkedgeodata.org/triplify/node1154378830	47.2188	12.9545	5	
http://linkedgeodata.org/triplify/node1154378831	47.216	12.9431	8	
http://linkedgeodata.org/triplify/node1154378832	47.2153	12.9402	10	
http://linkedgeodata.org/triplify/node1154378833	47.2191	12.9558	4	
http://linkedgeodata.org/triplify/node1154378836	47.2143	12.9362	Gipfelbahn Rauris	
http://linkedgeodata.org/triplify/node1154378837	47.2145	12.937	11	
http://linkedgeodata.org/triplify/node1158659413	34.4037	135.666	千早	
http://linkedgeodata.org/triplify/node1158659418	34.4127	135.676	金剛山	
http://linkedgeodata.org/triplify/node1158833778	34.4636	135.7	登山口	
http://linkedgeodata.org/triplify/node1158833787	34.4585	135.687	葛城山上	
http://linkedgeodata.org/triplify/node1163231151	47.5023	10.4148	Iselerbahn Bergstation	
http://linkedgeodata.org/triplify/node1165147325	46.9213	8.58135	Obere Bärchi	
http://linkedgeodata.org/triplify/node1165159659	46.9188	8.5852	Vordere Bärchi	
http://linkedgeodata.org/triplify/node1166852789	46.9358	-121.475	Mt. Rainier Gondola	
http://linkedgeodata.org/triplify/node1167074708	18.2316	-72.3248	gaz national	
http://linkedgeodata.org/triplify/node1172229145	45.9487	7.66269	Alpe Giomein	
http://linkedgeodata.org/triplify/node1172229162	45.9457	7.64865	Plan Torrette	
http://linkedgeodata.org/triplify/node1177922487	45.374	6.57661	Chalets	
http://linkedgeodata.org/triplify/node1178056217	45.4141	6.63172	Loze	
http://linkedgeodata.org/triplify/node1178087915	45.414	6.63175	Loze	
http://linkedgeodata.org/triplify/node1178087920	45.4011	6.62966	Jardin Alpin	
http://linkedgeodata.org/triplify/node1178253139	45.4322	6.61833	Envolée	
http://linkedgeodata.org/triplify/node1178253142	45.4162	6.63308	Jardin d'Enfants	
http://linkedgeodata.org/triplify/node1178253145	45.4203	6.6315	Epicea	
http://linkedgeodata.org/triplify/node1178253152	45.4193	6.63398	Jardin d'Enfants	
http://linkedgeodata.org/triplify/node1179587126	45.3915	6.56713	Saulire Express	
http://linkedgeodata.org/triplify/node1179680967	45.3909	6.56796	Tougnète	
http://linkedgeodata.org/triplify/node1179680989	45.3913	6.56685	Stade	
http://linkedgeodata.org/triplify/node1179681008	45.3772	6.56348	Tougnète	
http://linkedgeodata.org/triplify/node1183483853	19.452	-72.6731	antenne voila	
http://linkedgeodata.org/triplify/node1186534924	45.2954	6.61263	Glacier	
http://linkedgeodata.org/triplify/node1189957545	45.4112	6.63411	Etoiles	
http://linkedgeodata.org/triplify/node1189990487	45.4312	6.59462	Troika	
http://linkedgeodata.org/triplify/node1190077725	45.4048	6.57817	Fontany	
http://linkedgeodata.org/triplify/node119831202	50.056	9.47707	Talstation Skilift am Sauerberg	
http://linkedgeodata.org/triplify/node1199370830	46.8854	8.73205	Ratzi 1520m	
http://linkedgeodata.org/triplify/node1201851263	47.0871	11.6607	Talstation DSB	
http://linkedgeodata.org/triplify/node1201851264	47.0734	11.6559	Berstation DSB	
http://linkedgeodata.org/triplify/node1206488681	45.3101	6.51831	Masse	
http://linkedgeodata.org/triplify/node1212443641	45.3604	6.58016	Sittelle	
http://linkedgeodata.org/triplify/node1212604180	36.8957	7.72086	Annaba	
http://linkedgeodata.org/triplify/node1212604182	36.9104	7.68133	Seraïdi	
http://linkedgeodata.org/triplify/node1212648165	45.3638	6.56805	Roc de Tougne	
http://linkedgeodata.org/triplify/node1215739098	40.1372	-74.4353	Sky Ride	
http://linkedgeodata.org/triplify/node1215766721	40.135	-74.4414	Dream Street Skyway	
http://linkedgeodata.org/triplify/node1216495479	50.9101	15.3197	dolna stacja kolei gondolowej	
http://linkedgeodata.org/triplify/node1216495655	50.8917	15.3098	górna stacja kolei gondolowej	
http://linkedgeodata.org/triplify/node1218488239	6.26551	-75.6139	Juan XXIII	
http://linkedgeodata.org/triplify/node1218492084	6.27539	-75.6139	Vallejuelos	
http://linkedgeodata.org/triplify/node1218493389	6.28123	-75.6139	La Aurora	
http://linkedgeodata.org/triplify/node121854959	50.0527	9.47441	Bergstation Skilift am Sauerberg	
http://linkedgeodata.org/triplify/node1219351481	47.2099	10.1411	Schlegelkopfbahn 1	
http://linkedgeodata.org/triplify/node1223582711	46.3774	11.8019	Col Margherita	
http://linkedgeodata.org/triplify/node1226187925	6.29631	-75.5517	Andalucía	
http://linkedgeodata.org/triplify/node1226188460	6.29508	-75.548	Popular	
http://linkedgeodata.org/triplify/node1226189205	6.29299	-75.5417	Santo Domingo	
http://linkedgeodata.org/triplify/node1227011822	6.28152	-75.5029	Arví	
http://linkedgeodata.org/triplify/node1227240716	19.4818	-72.6322	pylone electrique	
http://linkedgeodata.org/triplify/node1227249067	19.4817	-72.6322	pylone electrique	
http://linkedgeodata.org/triplify/node1227254465	19.4818	-72.6322	pylone electrique	
http://linkedgeodata.org/triplify/node1227257299	19.4819	-72.6322	pylone electrique	
http://linkedgeodata.org/triplify/node1231530231	45.3943	6.6534	Combe	
http://linkedgeodata.org/triplify/node1231530304	45.3865	6.65322	Signal	
http://linkedgeodata.org/triplify/node1232182199	45.3709	6.58144	Ramees	
http://linkedgeodata.org/triplify/node1232328396	46.7872	8.04438	Brienzer Rothorn	
http://linkedgeodata.org/triplify/node1235140584	45.4039	6.63715	Altiport	
http://linkedgeodata.org/triplify/node1235140636	45.4039	6.63725	Ferme	
http://linkedgeodata.org/triplify/node1236533724	45.4169	6.6539	Mickey	
http://linkedgeodata.org/triplify/node1236533755	45.4168	6.65379	Belvedere	
http://linkedgeodata.org/triplify/node1236533764	45.4166	6.65259	Sainte-Agathe	
http://linkedgeodata.org/triplify/node1236533829	45.4165	6.65231	Marquis	
http://linkedgeodata.org/triplify/node1237337191	45.3265	6.53551	Preyerand	
http://linkedgeodata.org/triplify/node1242555590	46.1645	8.48453	Piana di Vigezzo	
http://linkedgeodata.org/triplify/node1242555593	46.1383	8.47835	Prestinone	
http://linkedgeodata.org/triplify/node1245400813	44.4952	34.166	Ялта	
http://linkedgeodata.org/triplify/node1245400816	44.4986	34.1609	Горка	
http://linkedgeodata.org/triplify/node1245447158	45.97	6.45191	Les Gettiers	
http://linkedgeodata.org/triplify/node1245447161	45.9641	6.47143	Les Languières	
http://linkedgeodata.org/triplify/node1245447164	45.9651	6.461	Les Gettiers	
http://linkedgeodata.org/triplify/node1245447175	45.9602	6.45761	Les Languières	
http://linkedgeodata.org/triplify/node1245447179	45.9732	6.45676	La Floria	
http://linkedgeodata.org/triplify/node1245447181	45.9646	6.47107	La Floria	
http://linkedgeodata.org/triplify/node1253990559	45.8326	7.60114	Funivia Buisson Chamois	
http://linkedgeodata.org/triplify/node1255464342	45.8371	7.61591	Pilone Funivia	
http://linkedgeodata.org/triplify/node1255464349	45.8364	7.61396	Pilone Funivia	
http://linkedgeodata.org/triplify/node1255464350	45.838	7.61878	Funivia Buisson Chamois	
http://linkedgeodata.org/triplify/node1255598948	45.837	7.61591	Pilone Teleferica	
http://linkedgeodata.org/triplify/node1255598986	45.8364	7.61396	Pilone Teleferica	
http://linkedgeodata.org/triplify/node1255599011	45.8322	7.60151	Teleferica Buisson Chamois	
http://linkedgeodata.org/triplify/node1260593034	46.2586	12.2006	Teleferica Rifugio Pian De Fontana	
http://linkedgeodata.org/triplify/node1261698617	37.5059	122.182	National Forest Park (cableway station)	
http://linkedgeodata.org/triplify/node1261698617	37.5059	122.182	国家森林公园(素道站)	
http://linkedgeodata.org/triplify/node1261698617	37.5059	122.182	国家森林公园(素道站) National Forest Park (cableway station)	
http://linkedgeodata.org/triplify/node1263635427	47.651	12.8063	Bergstation	
http://linkedgeodata.org/triplify/node1263635432	47.6671	12.8032	Tal	
http://linkedgeodata.org/triplify/node1264276729	45.9232	11.5758	Meletta Davanti	
http://linkedgeodata.org/triplify/node1264276730	45.9195	11.562	Meletta di Mezzo	
http://linkedgeodata.org/triplify/node1264276731	45.9262	11.5789	Tre Pali	
http://linkedgeodata.org/triplify/node1264276737	45.916	11.573	Buson	
http://linkedgeodata.org/triplify/node1265828619	45.827	11.6301	Biancoia centro	
http://linkedgeodata.org/triplify/node1265828660	45.8273	11.6317	Biancoia est	
http://linkedgeodata.org/triplify/node1265828664	45.8258	11.627	Biancoia mini	
http://linkedgeodata.org/triplify/node1265828720	45.8266	11.6293	Biancoia ovest	
http://linkedgeodata.org/triplify/node1276629190	36.5669	137.65	黒部平	
http://linkedgeodata.org/triplify/node1276629191	36.5695	137.632	大観峰	
http://linkedgeodata.org/triplify/node1286348185	35.4554	137.669	山麓駅	
http://linkedgeodata.org/triplify/node1286348189	35.4552	137.642	山頂駅	
http://linkedgeodata.org/triplify/node1291304889	8.59167	-71.1418	Teleférico de Mérida Estación Barinitas	
http://linkedgeodata.org/triplify/node129623422	43.1536	-4.80564	Estación superior	
http://linkedgeodata.org/triplify/node1304989230	45.7998	9.78191	Monte Poieto	
http://linkedgeodata.org/triplify/node1313838900	47.3992	9.93719	Seilbahn Bezau Bergstation	
http://linkedgeodata.org/triplify/node1314503968	44.668	5.90099	Festoure	
http://linkedgeodata.org/triplify/node1314503969	44.6482	5.8998	Festoure	
http://linkedgeodata.org/triplify/node1314533675	46.2478	7.60447	Chandolin	
http://linkedgeodata.org/triplify/node1314753787	44.6761	5.92616	Jas	
http://linkedgeodata.org/triplify/node1314753788	44.6649	5.90736	Jas	
http://linkedgeodata.org/triplify/node1315035387	44.6667	5.88992	Fontettes	
http://linkedgeodata.org/triplify/node1315035388	44.6864	5.89168	Fontettes	
http://linkedgeodata.org/triplify/node1328413478	40.5348	44.6851	Tsakhadzor 5th ropeway	
http://linkedgeodata.org/triplify/node1328413478	40.5348	44.6851	Ծաղկա‎ձորի ճոպանուղու 5–րդ կայան	
http://linkedgeodata.org/triplify/node1328413478	40.5348	44.6851	Ծաղկա‎ձորի ճոպանուղու 5–րդ կայան	
http://linkedgeodata.org/triplify/node1328413481	40.5346	44.6953	3	
http://linkedgeodata.org/triplify/node1328413483	40.5346	44.6965	2	
http://linkedgeodata.org/triplify/node1328413486	40.5348	44.6881	7	
http://linkedgeodata.org/triplify/node1328413487	40.5347	44.6921	5	
http://linkedgeodata.org/triplify/node1328413488	40.5348	44.6853	9	
http://linkedgeodata.org/triplify/node1328413490	40.5347	44.6932	4	
http://linkedgeodata.org/triplify/node1328413492	40.5347	44.69	6	
http://linkedgeodata.org/triplify/node1328413498	40.5348	44.6863	8	
http://linkedgeodata.org/triplify/node1328413500	40.5346	44.697	Tsakhadzor 5th ropeway	
http://linkedgeodata.org/triplify/node1328413500	40.5346	44.697	Ծաղկա‎ձորի ճոպանուղու 5–րդ կայան	
http://linkedgeodata.org/triplify/node1328413500	40.5346	44.697	Ծաղկա‎ձորի ճոպանուղու 5–րդ կայան	
http://linkedgeodata.org/triplify/node1328613819	46.8226	8.66489	Obere Schwandi	
http://linkedgeodata.org/triplify/node1328613826	46.8197	8.65319	Erstfeld	
http://linkedgeodata.org/triplify/node1334421953	41.4826	69.9741	1	
http://linkedgeodata.org/triplify/node1334421955	41.4821	69.9739	1	
http://linkedgeodata.org/triplify/node1334421956	41.4974	69.9777	2	
http://linkedgeodata.org/triplify/node1334421957	41.4993	69.9782	1	
http://linkedgeodata.org/triplify/node1334421958	41.4965	69.9775	1	
http://linkedgeodata.org/triplify/node1334421960	41.4854	69.9748	1	
http://linkedgeodata.org/triplify/node1334421961	41.4877	69.9753	1	
http://linkedgeodata.org/triplify/node1334421962	41.4892	69.9757	1	
http://linkedgeodata.org/triplify/node1334421963	41.4975	69.9777	2	
http://linkedgeodata.org/triplify/node1334421964	41.4831	69.9742	1	
http://linkedgeodata.org/triplify/node1334421968	41.4887	69.9756	1	
http://linkedgeodata.org/triplify/node1334421969	41.4886	69.9756	1	
http://linkedgeodata.org/triplify/node1334421970	41.4946	69.9771	1	
http://linkedgeodata.org/triplify/node1334421971	41.4928	69.9766	1	
http://linkedgeodata.org/triplify/node1334421977	41.4913	69.9763	1	
http://linkedgeodata.org/triplify/node1334421980	41.4973	69.9777	Зона отдыха Бельдерсай	
http://linkedgeodata.org/triplify/node1334421981	41.4868	69.9751	1	
http://linkedgeodata.org/triplify/node1334421983	41.482	69.9739	Конечная	
http://linkedgeodata.org/triplify/node1334421985	41.4896	69.9758	1	
http://linkedgeodata.org/triplify/node1337294987	8.56534	-71.0896	Teleférico de Mérida Estación La Aguada	
http://linkedgeodata.org/triplify/node1355025346	47.3441	13.2194	Mittelstation	
http://linkedgeodata.org/triplify/node1356785572	38.4961	-106.324	1	
http://linkedgeodata.org/triplify/node1356785573	38.4964	-106.323	2	
http://linkedgeodata.org/triplify/node1356785574	38.4968	-106.322	3	
http://linkedgeodata.org/triplify/node1356785575	38.4971	-106.321	4	
http://linkedgeodata.org/triplify/node1356785576	38.4974	-106.321	5	
http://linkedgeodata.org/triplify/node1356785577	38.4974	-106.32	6	
http://linkedgeodata.org/triplify/node1356785578	38.4975	-106.32	7	
http://linkedgeodata.org/triplify/node1357396420	-6.3035	106.891	Taman Mini Skylift	
http://linkedgeodata.org/triplify/node1357396458	-6.30034	106.89	Taman Mini Skylift Station	
http://linkedgeodata.org/triplify/node1357396516	-6.30119	106.902	Taman Mini Skylift Station	
http://linkedgeodata.org/triplify/node1367934755	47.7915	15.8304	Schneebergseilbahn	
http://linkedgeodata.org/triplify/node1367934840	47.7921	15.8163	Schneebergseilbahn	
http://linkedgeodata.org/triplify/node1379897856	-36.4026	148.4	Perisher Quad Express Mid Station	
http://linkedgeodata.org/triplify/node1383497568	42.2523	23.6096	17	
http://linkedgeodata.org/triplify/node1383497569	42.2492	23.6099	21	
http://linkedgeodata.org/triplify/node1383497570	42.2488	23.6099	22	
http://linkedgeodata.org/triplify/node1384134459	47.7651	12.3255	Kampenwandbahn	
http://linkedgeodata.org/triplify/node1393834388	46.4879	9.92173	15	
http://linkedgeodata.org/triplify/node1393834389	46.4913	9.91058	3	
http://linkedgeodata.org/triplify/node1393834392	46.4913	9.91148	6	
http://linkedgeodata.org/triplify/node1393834393	46.4892	9.91771	12	
http://linkedgeodata.org/triplify/node1395989664	47.2821	9.45543	Alp Sigel-Bahn Bergstation	
http://linkedgeodata.org/triplify/node1395989665	47.2877	9.46343	Alp Sigel-Bahn Talstation	
http://linkedgeodata.org/triplify/node1407884393	46.9356	-121.476	Miner's Basin	
http://linkedgeodata.org/triplify/node1412034324	47.2287	9.73801	Seilbahn Schnifis	
http://linkedgeodata.org/triplify/node1412643119	47.2167	10.1359	Petersbodenbahn	
http://linkedgeodata.org/triplify/node1412643120	47.2299	10.1121	Rotschrofenbahn	
http://linkedgeodata.org/triplify/node1415962670	47.5025	13.0177	ehem. Seilbahnstation	
http://linkedgeodata.org/triplify/node1423190367	50.7355	15.0009	Horní Hanychov	
http://linkedgeodata.org/triplify/node1423190368	50.7328	14.9854	Ještěd	
http://linkedgeodata.org/triplify/node1424534204	47.0739	9.96364	1	
http://linkedgeodata.org/triplify/node1424534206	47.0709	9.96875	10	
http://linkedgeodata.org/triplify/node1424534207	47.0705	9.96944	11	
http://linkedgeodata.org/triplify/node1424534209	47.07	9.9703	12	
http://linkedgeodata.org/triplify/node1424534210	47.0696	9.97109	13	
http://linkedgeodata.org/triplify/node1424534211	47.0693	9.97151	14	
http://linkedgeodata.org/triplify/node1424534213	47.0689	9.97233	15	
http://linkedgeodata.org/triplify/node1424534214	47.0686	9.97277	16	
http://linkedgeodata.org/triplify/node1424534215	47.0738	9.96388	3	
http://linkedgeodata.org/triplify/node1424534216	47.0733	9.96472	4	
http://linkedgeodata.org/triplify/node1424534217	47.0727	9.96569	5	
http://linkedgeodata.org/triplify/node1424534219	47.0722	9.96651	6	
http://linkedgeodata.org/triplify/node1424534220	47.072	9.9669	7	
http://linkedgeodata.org/triplify/node1424534221	47.0714	9.96789	8	
http://linkedgeodata.org/triplify/node1424534222	47.0713	9.9681	9	
http://linkedgeodata.org/triplify/node142516749	47.2294	12.727	Gletscherbahnen Kaprun	
http://linkedgeodata.org/triplify/node142518153	47.229	12.726	Gletscherbahnen Kaprun	
http://linkedgeodata.org/triplify/node1428104494	47.7234	14.3295	Talstation Wurbauerkogel	
http://linkedgeodata.org/triplify/node1431477510	47.3047	11.3813	4	
http://linkedgeodata.org/triplify/node1431680284	46.9801	15.426	Wasserschilift	
http://linkedgeodata.org/triplify/node1435417322	46.8513	9.21563	Sogn Martin	
http://linkedgeodata.org/triplify/node1443514842	47.1473	10.6279	Talstation	
http://linkedgeodata.org/triplify/node1448706147	47.6748	11.7764	Wallbergbahn	
http://linkedgeodata.org/triplify/node1449355992	46.4578	7.65028	Sunnbuel	
http://linkedgeodata.org/triplify/node1453558314	47.5076	15.6982	Hauerecklift Talstation	
http://linkedgeodata.org/triplify/node1453558317	47.5172	15.6917	Hauerecklift Bergstation	
http://linkedgeodata.org/triplify/node1453558321	47.514	15.6937	Schlepplift Talstation	
http://linkedgeodata.org/triplify/node1457604434	47.4236	15.7521	Bergstation	
http://linkedgeodata.org/triplify/node1457604438	47.4273	15.7615	Talstation	
http://linkedgeodata.org/triplify/node1457614108	47.435	15.7025	Talstation	
http://linkedgeodata.org/triplify/node1457614112	47.4314	15.7032	Bergstation	
http://linkedgeodata.org/triplify/node1457614118	47.4409	15.7041	Talstation	
http://linkedgeodata.org/triplify/node1457614119	47.4327	15.7032	Bergstation	
http://linkedgeodata.org/triplify/node1461147239	47.4803	15.7815	Bergstation	
http://linkedgeodata.org/triplify/node1461147291	47.4774	15.7885	Talstation	
http://linkedgeodata.org/triplify/node1461147300	47.4778	15.7873	Talstation	
http://linkedgeodata.org/triplify/node1461147307	47.4805	15.7827	Bergstation	
http://linkedgeodata.org/triplify/node147860020	46.8163	8.39629	Engelberg	
http://linkedgeodata.org/triplify/node147860105	46.8127	8.39295	Gerschnialp	
http://linkedgeodata.org/triplify/node147860151	46.7939	8.3988	Trübsee	
http://linkedgeodata.org/triplify/node147866897	46.7932	8.39848	Trübsee	
http://linkedgeodata.org/triplify/node147866942	46.7903	8.38928	Trübsee	
http://linkedgeodata.org/triplify/node147867020	46.7825	8.41775	Stand	
http://linkedgeodata.org/triplify/node147867030	46.7706	8.42279	Titlis	
http://linkedgeodata.org/triplify/node1484668780	47.2676	10.1315	Körblliftle	
http://linkedgeodata.org/triplify/node1484668783	47.2665	10.1287	Körblliftle	
http://linkedgeodata.org/triplify/node1485123217	47.1309	10.6332	Talstation	
http://linkedgeodata.org/triplify/node1494476843	47.8125	13.2104	Skilift Nußbaumer	
http://linkedgeodata.org/triplify/node1501932840	47.3202	11.2367	Bergstation Materialseilbahn	
http://linkedgeodata.org/triplify/node1503922977	45.5705	6.83083	Cabriolet	
http://linkedgeodata.org/triplify/node1504546281	46.9278	8.39746	Dallenwil, LDN	
http://linkedgeodata.org/triplify/node1504546282	46.9298	8.42724	Niederrickenbach	
http://linkedgeodata.org/triplify/node150548463	45.5945	6.86461	Replat	
http://linkedgeodata.org/triplify/node150548465	45.5838	6.84267	Droset	
http://linkedgeodata.org/triplify/node150549715	45.5698	6.82868	Saint-Jacques	
http://linkedgeodata.org/triplify/node150549717	45.5696	6.82807	Varet	
http://linkedgeodata.org/triplify/node150549719	45.5549	6.83587	Varet	
http://linkedgeodata.org/triplify/node150549723	45.5748	6.79603	Arpette	
http://linkedgeodata.org/triplify/node150549727	45.5734	6.77942	Vagere	
http://linkedgeodata.org/triplify/node150549731	45.5573	6.77973	Derby	
http://linkedgeodata.org/triplify/node150549733	45.5565	6.76265	Vallandry	
http://linkedgeodata.org/triplify/node150549735	45.5508	6.7635	Peisey	
http://linkedgeodata.org/triplify/node150549737	45.548	6.82485	Grand Col	
http://linkedgeodata.org/triplify/node150549739	45.5715	6.77897	Transarc	
http://linkedgeodata.org/triplify/node150549741	45.563	6.79465	Transarc	
http://linkedgeodata.org/triplify/node150549742	45.5508	6.81026	Transarc	
http://linkedgeodata.org/triplify/node150553244	45.5545	6.83613	Aiguille Rouge	
http://linkedgeodata.org/triplify/node150553245	45.5517	6.84748	Aiguille Rouge	
http://linkedgeodata.org/triplify/node150554276	45.5731	6.82434	Bois de L'ours	
http://linkedgeodata.org/triplify/node150557482	45.5933	6.85718	Plan des Violettes	
http://linkedgeodata.org/triplify/node150558623	45.5964	6.79476	Mont-Blanc	
http://linkedgeodata.org/triplify/node150558625	45.5963	6.79397	Cachette	
http://linkedgeodata.org/triplify/node150559260	45.584	6.83412	Comborciere	
http://linkedgeodata.org/triplify/node1507143377	-22.8615	-43.2721	Itararé/Natura	
http://linkedgeodata.org/triplify/node1507143384	-22.8585	-43.2664	Baiana	
http://linkedgeodata.org/triplify/node1507143404	-22.863	-43.2816	Palmeiras	
http://linkedgeodata.org/triplify/node1507143412	-22.8651	-43.2613	Adeus	
http://linkedgeodata.org/triplify/node1507143415	-22.8582	-43.2711	Alemão/Kibon	
http://linkedgeodata.org/triplify/node1508829310	47.1106	9.12636	Mittelstation Filzbach	
http://linkedgeodata.org/triplify/node1514010626	43.8984	42.7586	Верхняя станция канатной дороги	
http://linkedgeodata.org/triplify/node1523927027	47.2443	12.2866	Bergstation Preimislift	
http://linkedgeodata.org/triplify/node1523927046	47.2475	12.2844	Talstation Preimislift	
http://linkedgeodata.org/triplify/node1543525837	47.2289	12.7261	Gletscherbahnen Kaprun	
http://linkedgeodata.org/triplify/node1545827525	46.8165	11.664	Brunner	
http://linkedgeodata.org/triplify/node1545827528	46.8191	11.6602	Brunner	
http://linkedgeodata.org/triplify/node1548001679	47.2149	9.73199	Seilbahn Schnifis	
http://linkedgeodata.org/triplify/node1552437648	45.4117	6.64004	Cospillot	
http://linkedgeodata.org/triplify/node1552450276	45.4228	6.64135	Roys	
http://linkedgeodata.org/triplify/node1552647633	45.4135	6.63387	Bellecôte	
http://linkedgeodata.org/triplify/node1554120762	46.8639	10.9043	Bergstation Stablein	
http://linkedgeodata.org/triplify/node1554680888	45.2077	6.54621	3 Vallées Express	
http://linkedgeodata.org/triplify/node1554680889	45.2465	6.56935	3 Vallées Express	
http://linkedgeodata.org/triplify/node1554911072	46.8506	11.6224	Verbindungsbahn Talstation	
http://linkedgeodata.org/triplify/node1554919930	46.846	11.6355	Mittelstation	
http://linkedgeodata.org/triplify/node1555309071	47.4491	11.0776	Bergstation Barbarahütte	
http://linkedgeodata.org/triplify/node1558265287	45.2955	6.5819	Castor et Pollux	
http://linkedgeodata.org/triplify/node1562926299	45.266	6.59517	Funitel Thorens	
http://linkedgeodata.org/triplify/node1562926357	45.2723	6.59183	Funitel Thorens	
http://linkedgeodata.org/triplify/node1571173822	47.4011	9.9471	Doppelschlepplifte Niederemulde Bergstation	
http://linkedgeodata.org/triplify/node1571173824	47.4016	9.938	Doppelschlepplifte Niederemulde Talstation	
http://linkedgeodata.org/triplify/node1571173826	47.4008	9.94565	Schlepplift Niedere Kopf Talstation	
http://linkedgeodata.org/triplify/node1571173827	47.3997	9.94543	Schlepplift Niedere Kopf Bergstation	
http://linkedgeodata.org/triplify/node1572939719	45.3834	6.61004	Saulire Express	
http://linkedgeodata.org/triplify/node1572939727	45.3893	6.5881	Saulire Express	
http://linkedgeodata.org/triplify/node15757898	47.0708	9.86042	Matschwitz	
http://linkedgeodata.org/triplify/node1583298847	47.2701	9.8842	Bergstation Stafelalpe-Lift	
http://linkedgeodata.org/triplify/node1583298930	47.2728	9.90668	Talstation Stafelalpe-Lift	
http://linkedgeodata.org/triplify/node1583303358	47.2691	9.87919	Bergstation Glatthornbahn	
http://linkedgeodata.org/triplify/node1583303442	47.2684	9.89221	Talstation Glatthornbahn	
http://linkedgeodata.org/triplify/node1584745953	46.357	11.8148	Lago Cavia	
http://linkedgeodata.org/triplify/node1593723489	45.945	6.43501	Le Rosay	
http://linkedgeodata.org/triplify/node1596697649	46.149	7.05333	Alesse	
http://linkedgeodata.org/triplify/node1604057268	45.9719	6.46602	La Mulaterie	
http://linkedgeodata.org/triplify/node1604057301	45.9746	6.46258	La Mulaterie	
http://linkedgeodata.org/triplify/node1606486211	46.4836	7.54371	Rehärti	
http://linkedgeodata.org/triplify/node1612461797	49.5721	18.9175	Złoty Groń	
http://linkedgeodata.org/triplify/node1616238251	47.4275	11.696	Zwölferkopf-Bergstation	
http://linkedgeodata.org/triplify/node1616687441	48.5612	8.22481	Ruhesteinlift	
http://linkedgeodata.org/triplify/node1616687442	48.5633	8.22826	Ruhesteinlift	
http://linkedgeodata.org/triplify/node1618761532	46.4729	7.54658	Chuenisbärgli	
http://linkedgeodata.org/triplify/node1618761547	46.4713	7.50747	Sandige Boden	
http://linkedgeodata.org/triplify/node1618761549	46.4649	7.50283	Stand	
http://linkedgeodata.org/triplify/node1623716011	46.2205	6.87117	Segneux, Le	
http://linkedgeodata.org/triplify/node1627708280	47.176	10.1615	Seekopfbahn	
http://linkedgeodata.org/triplify/node1630121152	42.9787	-5.77666	Telesilla Les Patines	
http://linkedgeodata.org/triplify/node1630604858	50.0494	9.54123	Skilift Hauerborn	
http://linkedgeodata.org/triplify/node1631826572	46.5619	7.85676	Birg	
http://linkedgeodata.org/triplify/node1631900063	46.5506	7.88107	Gimmeln	
http://linkedgeodata.org/triplify/node1631912555	46.5705	7.88777	Maulerhubel	
http://linkedgeodata.org/triplify/node1631912590	46.5663	7.88928	Allmiboden	
http://linkedgeodata.org/triplify/node1631925115	46.5815	7.89571	Winteregg	
http://linkedgeodata.org/triplify/node1631925183	46.5708	7.88774	Maulerhubel	
http://linkedgeodata.org/triplify/node1634083522	47.1377	13.6621	Bergstation	
http://linkedgeodata.org/triplify/node1634083529	47.1415	13.6635	Talstation	
http://linkedgeodata.org/triplify/node1634083530	47.1415	13.6633	Talstation	
http://linkedgeodata.org/triplify/node1634543183	46.9202	9.1311	Mürliböden	
http://linkedgeodata.org/triplify/node1634543190	46.9184	9.14253	Rietmatt	
http://linkedgeodata.org/triplify/node1637229234	28.2295	-13.9882	0	
http://linkedgeodata.org/triplify/node1637229235	28.2297	-13.9879	1	
http://linkedgeodata.org/triplify/node1638918875	28.2299	-13.9875	2	
http://linkedgeodata.org/triplify/node1638918876	28.23	-13.9872	3	
http://linkedgeodata.org/triplify/node1640254244	46.4819	7.55703	Chuenisbärgli	
http://linkedgeodata.org/triplify/node1644770435	46.4032	11.6087	Le Pope	
http://linkedgeodata.org/triplify/node1644770469	46.4731	11.8671	Rifugio Luigi Gorza	
http://linkedgeodata.org/triplify/node1654282673	46.4084	11.5915	Golf II	
http://linkedgeodata.org/triplify/node1654282677	46.4084	11.5914	Golf I	
http://linkedgeodata.org/triplify/node1659031612	47.5981	13.9635	Bergstation	
http://linkedgeodata.org/triplify/node1669955294	46.5663	7.88897	Allmiboden	
http://linkedgeodata.org/triplify/node1669955320	46.5641	7.88712	Allmendhubel	
http://linkedgeodata.org/triplify/node1670583427	46.6212	7.97936	Mittelstation Holenstein	
http://linkedgeodata.org/triplify/node1671605462	51.8104	85.8189	Средняя станция	
http://linkedgeodata.org/triplify/node1678698573	46.0171	7.78531	Blauherd	
http://linkedgeodata.org/triplify/node1678698638	46.1149	7.91675	Hannig	
http://linkedgeodata.org/triplify/node1678698735	46.1102	7.92729	Saas-Fee	
http://linkedgeodata.org/triplify/node1680777597	45.5715	6.83106	Rhodos	
http://linkedgeodata.org/triplify/node1682385059	45.9659	7.71725	Sandiger Boden	
http://linkedgeodata.org/triplify/node1684036967	47.0398	10.5628	Bergstation Komperdellbahn	
http://linkedgeodata.org/triplify/node1684036983	47.0398	10.5625	Talstation Lazidbahn	
http://linkedgeodata.org/triplify/node1684074588	47.1649	13.0824	Schloßalmbahn II Talstation	
http://linkedgeodata.org/triplify/node1684074589	47.1649	13.0826	Schlossalmbahn I Bergstation	
http://linkedgeodata.org/triplify/node1685600504	46.2294	7.52971	Crêt-du-Midi	
http://linkedgeodata.org/triplify/node1685600521	46.2295	7.52972	Crêt-du-Midi	
http://linkedgeodata.org/triplify/node1685601847	46.2396	7.53088	Sigeroula	
http://linkedgeodata.org/triplify/node1685601852	46.2541	7.53399	Vercorin TVCM	
http://linkedgeodata.org/triplify/node1685958015	47.4432	12.3893	Hahnenkammbahn	
http://linkedgeodata.org/triplify/node1686444755	46.9686	10.8701	Rifflsee Talstation	
http://linkedgeodata.org/triplify/node1688515771	45.9242	6.86314	Télécabine de Planpraz	
http://linkedgeodata.org/triplify/node1691662035	48.9711	19.5969	Záhradky	
http://linkedgeodata.org/triplify/node1691662060	48.9551	19.5717	Brhliská	
http://linkedgeodata.org/triplify/node1694631577	43.3199	1.95624	Télécabine Parking Planoulet	
http://linkedgeodata.org/triplify/node1694728433	43.3179	1.94295	Cabine Téléphonnie	
http://linkedgeodata.org/triplify/node1698397562	47.655	12.5807	Gondelbahn Seegatterl	
http://linkedgeodata.org/triplify/node1698397566	47.6574	12.5413	Gondelbahn Seegatterl	
http://linkedgeodata.org/triplify/node1706016769	46.4945	9.82189	Alp Giop	
http://linkedgeodata.org/triplify/node1706016835	46.5047	9.8012	Alp Giop	
http://linkedgeodata.org/triplify/node1706052360	46.4933	9.81223	Suvretta - Randolins	
http://linkedgeodata.org/triplify/node17134313	47.6598	11.92	Bergstation	
http://linkedgeodata.org/triplify/node1717850709	50.29	18.9745	Station Schlesisches Stadion	
http://linkedgeodata.org/triplify/node1717850709	50.29	18.9745	stacja Stadion Śląski	
http://linkedgeodata.org/triplify/node1717850710	50.2913	18.9965	Station Planetarium	
http://linkedgeodata.org/triplify/node1717850710	50.2913	18.9965	stacja Planetarium	
http://linkedgeodata.org/triplify/node1717850711	50.2755	18.9968	stacja Wesołe Miasteczko	
http://linkedgeodata.org/triplify/node1719465842	51.4997	0.0082343	Emirates Greenwich Peninsula	
http://linkedgeodata.org/triplify/node1719465846	51.5042	0.0138648	North Tower	
http://linkedgeodata.org/triplify/node1719465850	51.5011	0.0099889	South Tower	
http://linkedgeodata.org/triplify/node1719465855	51.5077	0.0180765	Emirates Royal Docks	
http://linkedgeodata.org/triplify/node1719473249	51.5056	0.0153958	North Intermediate Tower	
http://linkedgeodata.org/triplify/node1721670956	43.8982	42.7368	Храм Воздуха	
http://linkedgeodata.org/triplify/node1722739634	34.3726	135.856	Yoshinoyama	
http://linkedgeodata.org/triplify/node1722739634	34.3726	135.856	吉野駅山	
http://linkedgeodata.org/triplify/node1722739634	34.3726	135.856	吉野駅山 (Yoshinoyama)	
http://linkedgeodata.org/triplify/node1722739639	34.3751	135.854	Senbonguchi	
http://linkedgeodata.org/triplify/node1722739639	34.3751	135.854	千本口	
http://linkedgeodata.org/triplify/node1722739639	34.3751	135.854	千本口 (Senbonguchi)	
http://linkedgeodata.org/triplify/node1726273462	47.8691	13.2637	Bergstation	
http://linkedgeodata.org/triplify/node1726276347	47.8669	13.2538	Talstation	
http://linkedgeodata.org/triplify/node1726693455	27.9034	84.5868	Manakamana cable car hill station	
http://linkedgeodata.org/triplify/node1726693459	27.879	84.5904	Manakamana cable car valley station	
http://linkedgeodata.org/triplify/node1735471957	29.8169	118.039	cabble car 1	
http://linkedgeodata.org/triplify/node1735471958	29.8105	118.037	cabble car 2	
http://linkedgeodata.org/triplify/node1736916812	19.0985	-72.7005	Grand jehovah distributeur de gaz	
http://linkedgeodata.org/triplify/node1741102560	44.1802	10.7411	Sciovia Stella	
http://linkedgeodata.org/triplify/node1752472516	47.2653	10.13	Saloberjet	
http://linkedgeodata.org/triplify/node1760720520	47.2549	10.1306	Sonnencruiser Auenfeld	
http://linkedgeodata.org/triplify/node1763190385	47.2126	10.1459	Schlosskopf	
http://linkedgeodata.org/triplify/node1772136112	34.9642	138.467	久能山	
http://linkedgeodata.org/triplify/node1772136113	34.9736	138.464	日本平	
http://linkedgeodata.org/triplify/node1781191906	43.0224	141.326	中腹駅	
http://linkedgeodata.org/triplify/node1781191908	43.0316	141.333	山麓駅	
http://linkedgeodata.org/triplify/node1783927248	48.1117	-1.70687	GSM	
http://linkedgeodata.org/triplify/node1814055342	46.9157	8.62558	Flüelen-Oberaxen Talstation	
http://linkedgeodata.org/triplify/node1829657210	46.9701	9.02271	Brunnenberg	
http://linkedgeodata.org/triplify/node1836459677	46.7161	8.03558	Rubilift Berg	
http://linkedgeodata.org/triplify/node1836459857	46.7212	8.03752	Rubilift Tal	
http://linkedgeodata.org/triplify/node1838658245	46.491	9.90759	1	
http://linkedgeodata.org/triplify/node1838658246	46.49	9.91529	10	
http://linkedgeodata.org/triplify/node1838658247	46.4894	9.91697	11	
http://linkedgeodata.org/triplify/node1838658248	46.4888	9.91885	13	
http://linkedgeodata.org/triplify/node1838658249	46.4882	9.92081	14	
http://linkedgeodata.org/triplify/node1838658250	46.4911	9.90887	2	
http://linkedgeodata.org/triplify/node1838658251	46.4913	9.9111	4	
http://linkedgeodata.org/triplify/node1838658252	46.4913	9.9112	5	
http://linkedgeodata.org/triplify/node1838658253	46.4911	9.91186	7	
http://linkedgeodata.org/triplify/node1838658254	46.4908	9.91296	8	
http://linkedgeodata.org/triplify/node1838658258	46.4902	9.91456	9	
http://linkedgeodata.org/triplify/node1841660285	46.8835	8.42197	Fell	
http://linkedgeodata.org/triplify/node1848729378	52.6992	13.2245	Wasserski	
http://linkedgeodata.org/triplify/node1855497700	36.4461	136.648	ゴンドラ山頂駅	
http://linkedgeodata.org/triplify/node1861608660	42.6989	24.7472	Горна лифтова станция	
http://linkedgeodata.org/triplify/node1863226168	3.40256	101.782	Awana	
http://linkedgeodata.org/triplify/node1863226172	3.41253	101.787	Chin Swee	
http://linkedgeodata.org/triplify/node1863226175	3.4081	101.764	Gohtong Jaya	
http://linkedgeodata.org/triplify/node1863226178	3.42274	101.792	Resorts World Genting	
http://linkedgeodata.org/triplify/node1863226181	3.42281	101.792	Resorts World Genting	
http://linkedgeodata.org/triplify/node1867611471	1.26848	103.819	Tower 1	
http://linkedgeodata.org/triplify/node1879655691	47.0598	13.0681	Goldberbahn I Bergstation	
http://linkedgeodata.org/triplify/node1879655695	47.0598	13.0682	Goldberbahn II Talstation	
http://linkedgeodata.org/triplify/node1884215358	50.8001	13.7085	Bergstation	
http://linkedgeodata.org/triplify/node1890931622	46.9356	-121.501	Mt. Rainier Gondola	
http://linkedgeodata.org/triplify/node1891428607	47.7882	13.2531	Bergstation	
http://linkedgeodata.org/triplify/node1891428608	47.7916	13.2448	Bergstation	
http://linkedgeodata.org/triplify/node1891428681	47.7884	13.2494	Talstation	
http://linkedgeodata.org/triplify/node1891428682	47.7921	13.2483	Talstation	
http://linkedgeodata.org/triplify/node1904073745	42.4095	1.21423	Cota 2.440	
http://linkedgeodata.org/triplify/node1904074058	42.4226	1.21168	Cota 2.100	
http://linkedgeodata.org/triplify/node1904074197	42.4284	1.21384	Cota 2.000	
http://linkedgeodata.org/triplify/node1904074199	42.4284	1.214	Cota 2.000	
http://linkedgeodata.org/triplify/node1904074344	42.4348	1.21057	Cota 1.650	
http://linkedgeodata.org/triplify/node1904888738	42.428	1.21117	Cota 2.000	
http://linkedgeodata.org/triplify/node190985461	46.4494	7.56516	Engstligenalp	
http://linkedgeodata.org/triplify/node1910193011	46.8852	8.93161	Bergstation Fisetengrat	
http://linkedgeodata.org/triplify/node1910193375	46.888	8.9032	Talstation Urnerboden	
http://linkedgeodata.org/triplify/node1910584022	45.4995	-122.684	Marquam Hill	
http://linkedgeodata.org/triplify/node1910584036	45.4995	-122.684	Marquam Hill	
http://linkedgeodata.org/triplify/node1910584040	45.4992	-122.671	South Waterfront	
http://linkedgeodata.org/triplify/node1910584046	45.4993	-122.671	South Waterfront	
http://linkedgeodata.org/triplify/node1917271278	45.4529	6.89848	Bollin / Fresse	
http://linkedgeodata.org/triplify/node1922530232	47.5388	10.0816	Hoher-Teufellift	
http://linkedgeodata.org/triplify/node1923689760	47.5887	13.0063	14	
http://linkedgeodata.org/triplify/node1923689761	47.5866	13.0167	27	
http://linkedgeodata.org/triplify/node1938507914	46.6382	10.328	Minschuns	
http://linkedgeodata.org/triplify/node1940445060	25.8495	-100.524	Teleférico Grutas de García	
http://linkedgeodata.org/triplify/node1940445066	25.8542	-100.526	Teleférico Grutas de García	
http://linkedgeodata.org/triplify/node1941848450	48.9326	19.5985	Kosodrevina	
http://linkedgeodata.org/triplify/node1941848451	48.9434	19.5903	Chopok	
http://linkedgeodata.org/triplify/node194552844	47.5209	10.0228	Imbergbahn	
http://linkedgeodata.org/triplify/node1947633316	41.8346	43.3947	Plateau Station	
http://linkedgeodata.org/triplify/node1954543894	47.5868	13.016	26	
http://linkedgeodata.org/triplify/node195480363	49.1791	20.2559	Štart	
http://linkedgeodata.org/triplify/node195480364	49.166	20.269	Tatranská Lomnica	
http://linkedgeodata.org/triplify/node1960550748	34.6406	135.097	鉢伏山上	
http://linkedgeodata.org/triplify/node1960550768	34.6379	135.1	須磨浦公園	
http://linkedgeodata.org/triplify/node197233976	47.6614	11.7938	Wallbergbahn Bergstation	
http://linkedgeodata.org/triplify/node1973934036	46.5865	9.55394	Somtgant	
http://linkedgeodata.org/triplify/node198448562	42.5665	0.543979	Cota 2000	
http://linkedgeodata.org/triplify/node198448959	42.5557	0.542624	Cogulla	
http://linkedgeodata.org/triplify/node198449871	42.5549	0.553006	Collado de Ampriu	
http://linkedgeodata.org/triplify/node198450882	42.587	0.540271	El Molino	
http://linkedgeodata.org/triplify/node198450886	42.5669	0.541887	Cota 2000	
http://linkedgeodata.org/triplify/node198451744	42.5592	0.569655	Ampriu	
http://linkedgeodata.org/triplify/node1985047151	47.5436	10.0541	Hündle Bahn Bergstation	
http://linkedgeodata.org/triplify/node1985047153	47.5465	10.054	Gratlift	
http://linkedgeodata.org/triplify/node1985047156	47.5514	10.0509	Hündle Bahn Talstation	
http://linkedgeodata.org/triplify/node1985590198	47.1072	13.1662	Graukogel II Bergstation	
http://linkedgeodata.org/triplify/node1985590200	47.1114	13.1505	Graukogel II Talstation	
http://linkedgeodata.org/triplify/node1995218407	47.8564	8.01815	Talstation Silberwiesen	
http://linkedgeodata.org/triplify/node2031463706	50.4751	11.0741	Skilift Limbach	
http://linkedgeodata.org/triplify/node2035511423	45.9466	9.12999	Argegno	
http://linkedgeodata.org/triplify/node2036046708	43.3059	42.7564	Base	
http://linkedgeodata.org/triplify/node2036046709	43.3051	42.7576	Top	
http://linkedgeodata.org/triplify/node2046108521	47.8553	8.02985	Grafenmattlift	
http://linkedgeodata.org/triplify/node205016493	45.7662	10.8134	Funivia Malcesine-Monte Baldo	
http://linkedgeodata.org/triplify/node2052103798	45.8308	10.4033	Zocchi	
http://linkedgeodata.org/triplify/node205404181	46.8243	10.2692	Mot da Ri	
http://linkedgeodata.org/triplify/node205404182	46.8265	10.2531	Mot da Ri	
http://linkedgeodata.org/triplify/node205404183	46.8349	10.2572	Champatsch 1	
http://linkedgeodata.org/triplify/node205404184	46.8435	10.2688	Champatsch 1	
http://linkedgeodata.org/triplify/node205404185	46.8351	10.2577	Champatsch 2	
http://linkedgeodata.org/triplify/node2068747850	44.6589	5.89489	Serre Lacroix	
http://linkedgeodata.org/triplify/node2070409182	47.15	10.4071	Talstation	
http://linkedgeodata.org/triplify/node2070409183	47.152	10.4096	Bergstation	
http://linkedgeodata.org/triplify/node2074560289	47.158	13.4805	Bergstation	
http://linkedgeodata.org/triplify/node2074560293	47.1596	13.4829	Talstation	
http://linkedgeodata.org/triplify/node2074574680	47.1853	13.798	Bergstation	
http://linkedgeodata.org/triplify/node2074574687	47.185	13.8041	Talstation	
http://linkedgeodata.org/triplify/node2078437515	48.0987	8.80953	Skilift Böttingen	
http://linkedgeodata.org/triplify/node2083702877	47.0396	10.563	Bergstation Murmli's Kinderbahn	
http://linkedgeodata.org/triplify/node2083702974	47.0406	10.5973	Talstation Murmli's Kinderbahn	
http://linkedgeodata.org/triplify/node2086337518	42.2545	-2.9693	TS Salegares	
http://linkedgeodata.org/triplify/node2090581885	43.0223	141.322	山頂駅	
http://linkedgeodata.org/triplify/node2091603220	46.3676	11.7937	Col Margherita	
http://linkedgeodata.org/triplify/node2092216771	45.3125	6.58192	Bouquetin	
http://linkedgeodata.org/triplify/node2095992785	47.1459	10.6268	Bergstation	
http://linkedgeodata.org/triplify/node2095992789	47.1336	10.632	Zwischenstation	
http://linkedgeodata.org/triplify/node2096065035	45.6293	6.84835	Roches Noires Express	
http://linkedgeodata.org/triplify/node2096251866	45.6719	6.8939	Bellecombe 2	
http://linkedgeodata.org/triplify/node2096267666	45.7119	6.94757	Maison Blanche	
http://linkedgeodata.org/triplify/node2096267676	45.7085	6.94318	Maison Blanche	
http://linkedgeodata.org/triplify/node2097593957	37.71	138.811	山頂	
http://linkedgeodata.org/triplify/node2097593958	37.7086	138.821	山麓	
http://linkedgeodata.org/triplify/node2098684204	52.5028	13.3264	U Uhlandstraße	
http://linkedgeodata.org/triplify/node2098802422	47.6161	19.0642	Wakeboard Centrum	
http://linkedgeodata.org/triplify/node2099055787	45.9448	6.4355	La Joyere	
http://linkedgeodata.org/triplify/node2099055788	45.9491	6.4507	La Joyere	
http://linkedgeodata.org/triplify/node2099055789	45.9538	6.44783	Le Cret	
http://linkedgeodata.org/triplify/node2099055790	45.9559	6.45505	Le Cret	
http://linkedgeodata.org/triplify/node2099055791	45.966	6.46586	Le Stade	
http://linkedgeodata.org/triplify/node2099055792	45.9706	6.45634	Le Stade	
http://linkedgeodata.org/triplify/node2099055793	45.9583	6.4527	Les Raiches	
http://linkedgeodata.org/triplify/node2099055794	45.9623	6.45405	Les Raiches	
http://linkedgeodata.org/triplify/node2099133181	44.9244	-72.526	Sky Haus	
http://linkedgeodata.org/triplify/node2100223967	47.256	10.6877	Bergstation	
http://linkedgeodata.org/triplify/node2100224057	47.2502	10.6948	Talstation	
http://linkedgeodata.org/triplify/node2102309153	10.4974	-66.9018	Parque Central	
http://linkedgeodata.org/triplify/node2102309154	10.4917	-66.9019	Hornos de Cal	
http://linkedgeodata.org/triplify/node2102309155	10.4907	-66.9059	La Ceiba	
http://linkedgeodata.org/triplify/node2102309156	10.4912	-66.9091	El Manguito	
http://linkedgeodata.org/triplify/node2102309157	10.4943	-66.9098	San Augustín	
http://linkedgeodata.org/triplify/node2106208271	42.2544	-2.97021	TQ Principiantes	
http://linkedgeodata.org/triplify/node2106208272	42.255	-2.96816	TS Salegares	
http://linkedgeodata.org/triplify/node211050531	46.8619	9.85804	Gotschnaboden	
http://linkedgeodata.org/triplify/node211050541	46.859	9.84783	Gotschnagrat	
http://linkedgeodata.org/triplify/node211050574	46.8492	9.82509	Totalpsee	
http://linkedgeodata.org/triplify/node211050580	46.8337	9.80648	Weissfluhjoch LSWJ	
http://linkedgeodata.org/triplify/node211050586	46.8334	9.80501	Weissfluhjoch DKB	
http://linkedgeodata.org/triplify/node211050593	46.8343	9.79602	Weissfluhgipfel	
http://linkedgeodata.org/triplify/node211050598	46.8801	9.81336	Schifer	
http://linkedgeodata.org/triplify/node211050612	46.8652	9.80917	Obersäss	
http://linkedgeodata.org/triplify/node211050622	46.8335	9.80546	Weissfluhjoch DKB	
http://linkedgeodata.org/triplify/node211113456	46.5291	7.60647	Elsigbach	
http://linkedgeodata.org/triplify/node211113461	46.5225	7.62239	Elsigenalp	
http://linkedgeodata.org/triplify/node2111949255	47.0772	9.94325	Kropfen Bahn Talstation	
http://linkedgeodata.org/triplify/node2112002693	47.0648	9.97595	16	
http://linkedgeodata.org/triplify/node2112002695	47.0683	9.97337	16	
http://linkedgeodata.org/triplify/node2112002696	47.0679	9.97393	16	
http://linkedgeodata.org/triplify/node2112002699	47.0658	9.97574	16	
http://linkedgeodata.org/triplify/node2112002700	47.0618	9.97663	16	
http://linkedgeodata.org/triplify/node2112002701	47.0685	9.97301	16	
http://linkedgeodata.org/triplify/node2112002702	47.0617	9.97666	16	
http://linkedgeodata.org/triplify/node2112002703	47.0664	9.97561	16	
http://linkedgeodata.org/triplify/node2112002704	47.0676	9.97461	16	
http://linkedgeodata.org/triplify/node2112002705	47.0635	9.97624	16	
http://linkedgeodata.org/triplify/node2112002707	47.0632	9.97632	16	
http://linkedgeodata.org/triplify/node2116017371	47.2503	13.5527	Sonnhof Servicebahn Talstation	
http://linkedgeodata.org/triplify/node211983398	51.7319	10.6129	Wurmberg-Seilbahn Talstation	
http://linkedgeodata.org/triplify/node211983403	51.7566	10.6171	Wurmberg-Seilbahn Bergstation	
http://linkedgeodata.org/triplify/node212565609	46.8109	10.2735	Schlivera	
http://linkedgeodata.org/triplify/node212565610	46.8193	10.2588	Schlivera	
http://linkedgeodata.org/triplify/node212566196	46.8229	10.2694	Clünas	
http://linkedgeodata.org/triplify/node212566197	46.8195	10.2548	Clünas	
http://linkedgeodata.org/triplify/node212569231	46.7957	10.2884	Rachögna	
http://linkedgeodata.org/triplify/node212569232	46.7981	10.2858	Rachögna	
http://linkedgeodata.org/triplify/node2126843894	48.9544	19.5712	Brhliská	
http://linkedgeodata.org/triplify/node2126843904	48.9228	19.5976	Krupová	
http://linkedgeodata.org/triplify/node2126843905	48.923	19.5974	Krupová	
http://linkedgeodata.org/triplify/node2126843909	48.9524	19.5979	Pekná vyhliadka	
http://linkedgeodata.org/triplify/node2126843910	48.9261	19.601	Srdiecko	
http://linkedgeodata.org/triplify/node2127537067	47.421	10.9857	Gletscherbahn Bergstation	
http://linkedgeodata.org/triplify/node2132529237	47.58	13.9763	Talstation	
http://linkedgeodata.org/triplify/node2136035242	46.2262	10.8015	Endpoint airialway 5 Laghi	
http://linkedgeodata.org/triplify/node2136582217	54.1693	19.4416	Góra Chrobrego	
http://linkedgeodata.org/triplify/node21389435	47.9359	7.86533	Talstation Schauinslandbahn	
http://linkedgeodata.org/triplify/node2139969957	49.4289	20.8222	Dolna stacja wyciągu Wierchomla I	
http://linkedgeodata.org/triplify/node2146658121	33.8445	132.772	東雲口	
http://linkedgeodata.org/triplify/node2146658124	33.8445	132.768	長者ヶ平	
http://linkedgeodata.org/triplify/node215798967	46.2583	7.90439	Visperterminen SVG	
http://linkedgeodata.org/triplify/node215798969	46.2555	7.92313	Giw	
http://linkedgeodata.org/triplify/node2159779338	38.7059	-76.7448	Nottingham VORTAC	
http://linkedgeodata.org/triplify/node2159783206	38.8072	-76.8662	Andrews VORTAC	
http://linkedgeodata.org/triplify/node2159789307	38.8595	-77.0364	Washington VOR/DME	
http://linkedgeodata.org/triplify/node2159793096	38.9346	-77.4667	Armel VOR/DME	
http://linkedgeodata.org/triplify/node2159796542	39.4667	-76.171	Phillips VOR/DME	
http://linkedgeodata.org/triplify/node2159917030	50.225	19.564	Lotnisko modelarskie	
http://linkedgeodata.org/triplify/node21634633	47.5865	13.0172	Jennerbahn Mittelstation	
http://linkedgeodata.org/triplify/node2167037296	48.4127	21.6389	Libegő alsó állomás	
http://linkedgeodata.org/triplify/node2167037297	48.4022	21.6323	Libegő felső állomás	
http://linkedgeodata.org/triplify/node2167037298	48.4056	21.6345	Libegő középső állomás	
http://linkedgeodata.org/triplify/node2167078958	47.1384	13.6622	Bergstation	
http://linkedgeodata.org/triplify/node2168608659	47.5222	13.4584	Mittelstation	
http://linkedgeodata.org/triplify/node21704115	45.4935	6.73561	Roche de Mio / Bellecôte	
http://linkedgeodata.org/triplify/node2172311603	50.4685	11.0468	Snow Tubing Siegmundsburg	
http://linkedgeodata.org/triplify/node2173966207	43.9814	4.23843	fin de ligne aérienne haute tension	
http://linkedgeodata.org/triplify/node2177680900	47.487	12.2551	Übungslift	
http://linkedgeodata.org/triplify/node2178260892	56.1838	43.43	БКД-3	
http://linkedgeodata.org/triplify/node2178261104	56.1855	43.4325	БКД-1	
http://linkedgeodata.org/triplify/node2178261145	56.1863	43.4289	БКД-2	
http://linkedgeodata.org/triplify/node2178445703	46.8644	11.3074	Blosegg	
http://linkedgeodata.org/triplify/node2180412922	50.469	11.0495	Skilift Siegmundsburg	
http://linkedgeodata.org/triplify/node2184571561	46.517	7.31539	1	
http://linkedgeodata.org/triplify/node2184571566	46.5167	7.31547	2	
http://linkedgeodata.org/triplify/node2184571570	46.5159	7.31573	3	
http://linkedgeodata.org/triplify/node2184571588	46.5113	7.31715	7	
http://linkedgeodata.org/triplify/node2184571592	46.5105	7.31739	8	
http://linkedgeodata.org/triplify/node2184612520	46.5151	7.31598	4	
http://linkedgeodata.org/triplify/node2184612521	46.5138	7.31637	5	
http://linkedgeodata.org/triplify/node2184612522	46.5126	7.31677	6	
http://linkedgeodata.org/triplify/node2187603468	46.3739	7.62912	Torrentbahnen	
http://linkedgeodata.org/triplify/node2192847631	46.4836	9.83257	Signalbahn	
http://linkedgeodata.org/triplify/node2198695781	45.4155	6.87762	Pylône intermédiaire	
http://linkedgeodata.org/triplify/node2202532175	-22.8975	-43.1961	Gamboa	
http://linkedgeodata.org/triplify/node2202532176	-22.9024	-43.1922	Central do Brasil	
http://linkedgeodata.org/triplify/node2202532177	-22.8995	-43.1945	Providência	
http://linkedgeodata.org/triplify/node2211988357	46.4078	11.6032	Christomannos	
http://linkedgeodata.org/triplify/node2217313001	46.4245	11.589	Moseralm II	
http://linkedgeodata.org/triplify/node2218628060	45.5223	6.73872	Les Bauches	
http://linkedgeodata.org/triplify/node223501046	47.9229	7.87838	Mittelstation Schauinslandbahn	
http://linkedgeodata.org/triplify/node224082200	46.5476	11.8767	Corvara	
http://linkedgeodata.org/triplify/node2241976206	53.2632	-1.2979	Oxcroft Colliery	
http://linkedgeodata.org/triplify/node2242246424	45.4295	7.02366	Col	
http://linkedgeodata.org/triplify/node2242246430	45.4296	7.02374	Col	
http://linkedgeodata.org/triplify/node2247061095	53.5924	-1.01458	Hatfield Colliery	
http://linkedgeodata.org/triplify/node2252455720	44.2584	7.95288	Vecchia stazione in disuso	
http://linkedgeodata.org/triplify/node2256161140	60.0963	10.8382	Damestart	
http://linkedgeodata.org/triplify/node2256161144	60.0963	10.8381	Damestart	
http://linkedgeodata.org/triplify/node2262588276	53.4259	-1.16946	Maltby Colliery	
http://linkedgeodata.org/triplify/node2262769804	53.4121	-1.065	Harworth Colliery	
http://linkedgeodata.org/triplify/node2269512835	46.9811	9.50789	Skilift Tristeli	
http://linkedgeodata.org/triplify/node2275118061	45.4915	6.68441	Grande Rochette	
http://linkedgeodata.org/triplify/node2283188570	45.7982	9.77829	Barek	
http://linkedgeodata.org/triplify/node240128752	47.0407	10.5961	Talstation Komperdellbahn	
http://linkedgeodata.org/triplify/node240139863	46.0261	7.76817	Patrullarve	
http://linkedgeodata.org/triplify/node240139866	46.0167	7.78963	Blauherd	
http://linkedgeodata.org/triplify/node240139867	46.0085	7.78832	Gant	
http://linkedgeodata.org/triplify/node240139870	46.0167	7.78563	Blauherd	
http://linkedgeodata.org/triplify/node240139871	46.0171	7.7857	Blauherd	
http://linkedgeodata.org/triplify/node240139874	46.0215	7.79735	Rothorn VS	
http://linkedgeodata.org/triplify/node240139875	46.009	7.78752	Gant	
http://linkedgeodata.org/triplify/node240139876	45.9891	7.80201	Hohtälli	
http://linkedgeodata.org/triplify/node240139879	46.0298	7.79657	Kumme	
http://linkedgeodata.org/triplify/node240240207	46.0146	7.74266	Zermatt	
http://linkedgeodata.org/triplify/node240240209	46.0017	7.73196	Furi	
http://linkedgeodata.org/triplify/node240240211	46.0013	7.7323	Furi	
http://linkedgeodata.org/triplify/node240240212	45.9929	7.75489	Riffelberg	
http://linkedgeodata.org/triplify/node240240216	45.9922	7.70902	Schwarzsee paradise	
http://linkedgeodata.org/triplify/node240240218	46.0012	7.73205	Furi	
http://linkedgeodata.org/triplify/node240240219	45.972	7.7223	Trockener Steg	
http://linkedgeodata.org/triplify/node240248391	45.9698	7.72218	Trockener Steg	
http://linkedgeodata.org/triplify/node240287130	46.0147	7.74299	Zermatt	
http://linkedgeodata.org/triplify/node240287133	46.0015	7.73206	Furi	
http://linkedgeodata.org/triplify/node240287137	45.9941	7.75481	Riffelberg	
http://linkedgeodata.org/triplify/node240287140	45.9861	7.77535	Gifthittli	
http://linkedgeodata.org/triplify/node240324384	45.9879	7.71408	Furgg	
http://linkedgeodata.org/triplify/node240324389	45.9775	7.71978	Sandiger Boden	
http://linkedgeodata.org/triplify/node240324395	45.9702	7.7215	Trockener Steg	
http://linkedgeodata.org/triplify/node240324408	45.9343	7.70862	Plateau Rosa Testa Grigia	
http://linkedgeodata.org/triplify/node240324412	45.9708	7.7223	Trockener Steg	
http://linkedgeodata.org/triplify/node240324415	45.9391	7.7295	Matterhorn Glacier Paradise	
http://linkedgeodata.org/triplify/node240324438	45.9342	7.63368	Breuil-Cervinia	
http://linkedgeodata.org/triplify/node240324441	45.9409	7.65453	Plan Maison	
http://linkedgeodata.org/triplify/node240324443	45.9411	7.65569	Plan Maison	
http://linkedgeodata.org/triplify/node240324446	45.93	7.68026	Laghi Cime Bianche	
http://linkedgeodata.org/triplify/node240324451	45.9345	7.70767	Plateau Rosà - Testa Grigia	
http://linkedgeodata.org/triplify/node240324453	45.9417	7.65619	Plan Maison	
http://linkedgeodata.org/triplify/node240324456	45.9453	7.68512	Plan Maison	
http://linkedgeodata.org/triplify/node240324459	45.9446	7.68401	Fornet	
http://linkedgeodata.org/triplify/node240324460	45.9478	7.69571	Fornet	
http://linkedgeodata.org/triplify/node240324463	45.9481	7.69477	Bontadini	
http://linkedgeodata.org/triplify/node240324465	45.9449	7.70863	Theodulpass	
http://linkedgeodata.org/triplify/node240324468	45.9341	7.63364	Breuil-Cervinia	
http://linkedgeodata.org/triplify/node240324471	45.9407	7.65459	Plan Maison	
http://linkedgeodata.org/triplify/node240324474	45.9371	7.63138	Breuil-Cervinia-Cretaz	
http://linkedgeodata.org/triplify/node241018570	46.021	7.79812	Rothorn paradise	
http://linkedgeodata.org/triplify/node241021640	45.2846	6.58339	Portette	
http://linkedgeodata.org/triplify/node241021645	45.2943	6.56458	Cairn / Caron	
http://linkedgeodata.org/triplify/node241021648	45.2806	6.5626	Caron / Cime Caron	
http://linkedgeodata.org/triplify/node241021650	45.2638	6.5603	Cime Caron	
http://linkedgeodata.org/triplify/node241033972	45.2953	6.56167	Boismint	
http://linkedgeodata.org/triplify/node241033978	45.3257	6.53068	Tortollet	
http://linkedgeodata.org/triplify/node241038078	45.3225	6.53887	Roc des 3 Marches 1	
http://linkedgeodata.org/triplify/node241038081	45.3304	6.55476	Roc des 3 Marches 1	
http://linkedgeodata.org/triplify/node241054251	45.3428	6.58034	Plattières	
http://linkedgeodata.org/triplify/node241056080	45.3361	6.58177	Côte Brune	
http://linkedgeodata.org/triplify/node241074994	45.2986	6.57738	Cairn	
http://linkedgeodata.org/triplify/node241616523	45.3192	6.5357	Masse 1	
http://linkedgeodata.org/triplify/node241616528	45.2974	6.50855	Masse 2	
http://linkedgeodata.org/triplify/node241622593	45.3164	6.51866	Lac Noir	
http://linkedgeodata.org/triplify/node241627460	45.295	6.56225	Moutière	
http://linkedgeodata.org/triplify/node241627464	45.2956	6.5701	Deux Lacs	
http://linkedgeodata.org/triplify/node241628880	45.281	6.56817	Grand Fond	
http://linkedgeodata.org/triplify/node241631610	45.2466	6.57004	Rosaël	
http://linkedgeodata.org/triplify/node241631617	45.2506	6.58698	Bouchet	
http://linkedgeodata.org/triplify/node241637320	45.2804	6.57266	Plateau	
http://linkedgeodata.org/triplify/node241637323	45.2876	6.58351	Moraine	
http://linkedgeodata.org/triplify/node241637327	45.2952	6.57192	Plein Sud	
http://linkedgeodata.org/triplify/node241637331	45.3051	6.5859	Bouquetin	
http://linkedgeodata.org/triplify/node241778294	42.7748	-0.372566	Sextas	
http://linkedgeodata.org/triplify/node241780793	42.7978	-0.414883	Portalet	
http://linkedgeodata.org/triplify/node243685434	47.1681	13.0972	Schlossalmbahn I Talstation	
http://linkedgeodata.org/triplify/node243685438	47.1647	13.0826	Haitzingalmbahn Talstation	
http://linkedgeodata.org/triplify/node243685440	47.1557	13.0721	Haitzingalmbahn Bergstation	
http://linkedgeodata.org/triplify/node243685445	47.1552	13.0731	Kleine Scharte Talstation	
http://linkedgeodata.org/triplify/node243685446	47.155	13.0599	Kleine Scharte Bergstation	
http://linkedgeodata.org/triplify/node243685448	47.1541	13.0784	Sendleiten Talstation	
http://linkedgeodata.org/triplify/node243685449	47.1544	13.062	Sendleiten Bergstation	
http://linkedgeodata.org/triplify/node243685451	47.1472	13.065	Weitmoser Talstation	
http://linkedgeodata.org/triplify/node243685453	47.1485	13.053	Weitmoser Bergstation	
http://linkedgeodata.org/triplify/node243685455	47.1492	13.0532	Hohe-Scharte Bahn Talstation	
http://linkedgeodata.org/triplify/node243685457	47.1534	13.0454	Hohe-Scharte Bahn Bergstation	
http://linkedgeodata.org/triplify/node243721573	47.1822	9.29627	Alp Sellamatt	
http://linkedgeodata.org/triplify/node243721574	47.182	9.29656	Alp Sellamatt	
http://linkedgeodata.org/triplify/node243721699	47.1552	9.31231	Chäserrugg	
http://linkedgeodata.org/triplify/node244067693	47.0923	9.27995	Tanneboden	
http://linkedgeodata.org/triplify/node244067694	47.083	9.27007	Chrüz	
http://linkedgeodata.org/triplify/node244067695	47.0891	9.30357	Tannenheim	
http://linkedgeodata.org/triplify/node244067699	47.0802	9.28841	Prodalp	
http://linkedgeodata.org/triplify/node244067700	47.0737	9.26787	Prodkamm	
http://linkedgeodata.org/triplify/node244067701	47.0921	9.2805	Tanneboden	
http://linkedgeodata.org/triplify/node244067704	47.0698	9.25362	Maschgenkamm	
http://linkedgeodata.org/triplify/node244067708	47.0696	9.25302	Maschgenkamm	
http://linkedgeodata.org/triplify/node244067724	47.0939	9.28064	Tannenboden	
http://linkedgeodata.org/triplify/node244067725	47.1028	9.25721	Oberterzen	
http://linkedgeodata.org/triplify/node244067726	47.1133	9.25505	Unterterzen	
http://linkedgeodata.org/triplify/node244208254	47.3471	9.3261	Warenlift	
http://linkedgeodata.org/triplify/node244208792	47.3408	9.33246	Warenlift	
http://linkedgeodata.org/triplify/node244478032	46.8357	9.21543	Crap Sogn Gion	
http://linkedgeodata.org/triplify/node244479875	46.8352	9.21543	Crap Sogn Gion	
http://linkedgeodata.org/triplify/node244501518	46.8453	9.23301	Plaun	
http://linkedgeodata.org/triplify/node244501524	46.8202	9.26325	Laax GR BFL	
http://linkedgeodata.org/triplify/node244894316	46.8641	11.309	Ratschings-Jaufen	
http://linkedgeodata.org/triplify/node244894320	46.8478	11.305	Ratschings-Jaufen	
http://linkedgeodata.org/triplify/node244894329	46.8609	11.3019	Wasserfaller Alm	
http://linkedgeodata.org/triplify/node244894332	46.8459	11.2955	Wasserfaller Alm	
http://linkedgeodata.org/triplify/node244894345	46.86	11.3029	Blosegg	
http://linkedgeodata.org/triplify/node244894357	46.85	11.2949	Saxner	
http://linkedgeodata.org/triplify/node244894359	46.8416	11.2844	Saxner	
http://linkedgeodata.org/triplify/node244894379	46.8507	11.3214	Kalcher Alm	
http://linkedgeodata.org/triplify/node244894381	46.8425	11.3219	Kalcher Alm	
http://linkedgeodata.org/triplify/node244894383	46.8489	11.3071	Rinneralm	
http://linkedgeodata.org/triplify/node244894385	46.8404	11.3144	Rinneralm	
http://linkedgeodata.org/triplify/node244894394	46.8479	11.3033	Enzian	
http://linkedgeodata.org/triplify/node244898331	46.8408	11.3019	Enzian	
http://linkedgeodata.org/triplify/node245575865	48.9636	19.5853	Jasná	
http://linkedgeodata.org/triplify/node245575866	48.9534	19.5892	Luková	
http://linkedgeodata.org/triplify/node245575867	48.9667	19.5806	Otupné	
http://linkedgeodata.org/triplify/node245575868	48.9528	19.5879	Luková	
http://linkedgeodata.org/triplify/node245575871	48.957	19.5966	Rovná Hola	
http://linkedgeodata.org/triplify/node245575872	48.949	19.5908	Chopok úboč	
http://linkedgeodata.org/triplify/node245575873	48.9721	19.5981	Záhradky	
http://linkedgeodata.org/triplify/node245575874	48.957	19.597	Rovná Hola	
http://linkedgeodata.org/triplify/node245577863	48.971	19.5817	Grand	
http://linkedgeodata.org/triplify/node245577864	48.9547	19.5709	Brhliská	
http://linkedgeodata.org/triplify/node245783277	45.2954	6.57598	Funitel de Peclet	
http://linkedgeodata.org/triplify/node245783279	45.2916	6.61438	Funitel de Peclet	
http://linkedgeodata.org/triplify/node245783280	45.305	6.58622	3 Vallées 2	
http://linkedgeodata.org/triplify/node245785245	45.2731	6.60538	Col	
http://linkedgeodata.org/triplify/node245786825	45.2951	6.57749	Cascades	
http://linkedgeodata.org/triplify/node246195423	47.5874	12.565	Gondel Steinplatte	
http://linkedgeodata.org/triplify/node246195453	47.6111	12.5705	Gondel Steinplatte	
http://linkedgeodata.org/triplify/node246195901	47.6102	12.5722	Steinplatte	
http://linkedgeodata.org/triplify/node246854779	51.0536	13.8166	Talstation Schwebebahn	
http://linkedgeodata.org/triplify/node246854781	51.0544	13.8198	Oberloschwitz	
http://linkedgeodata.org/triplify/node247121291	45.989	7.80227	Hohtälli	
http://linkedgeodata.org/triplify/node247639262	47.5649	10.5753	Breitenbergbahn Talstation	
http://linkedgeodata.org/triplify/node247639263	47.5487	10.5701	Breitenbergbahn Bergstation	
http://linkedgeodata.org/triplify/node247803034	46.6225	9.75118	Talstation Sesselbahn Darlux	
http://linkedgeodata.org/triplify/node247803035	46.6232	9.77059	Mittelstation Sesselbahn Darlux	
http://linkedgeodata.org/triplify/node247908911	46.9758	10.338	Idjochbahn	
http://linkedgeodata.org/triplify/node247909408	46.9514	10.3747	Samnaun Ravaisch LS	
http://linkedgeodata.org/triplify/node247910112	46.9995	10.3091	Mittelstation	
http://linkedgeodata.org/triplify/node247910991	47.02	8.80888	Weglosen	
http://linkedgeodata.org/triplify/node247910993	47.0113	8.79084	Seebli	
http://linkedgeodata.org/triplify/node247910994	47.0092	8.78474	Seebli	
http://linkedgeodata.org/triplify/node247910995	46.9966	8.79108	Hesisbol	
http://linkedgeodata.org/triplify/node247910997	47.0106	8.78628	Seebli	
http://linkedgeodata.org/triplify/node247910998	47.0012	8.77149	Spirstock	
http://linkedgeodata.org/triplify/node248307336	45.5232	6.72995	Carroley	
http://linkedgeodata.org/triplify/node248307344	45.4868	6.77145	Glacier	
http://linkedgeodata.org/triplify/node248307366	45.5248	6.72338	Salla	
http://linkedgeodata.org/triplify/node248455274	45.5493	6.73942	Vanoise Express	
http://linkedgeodata.org/triplify/node248464331	45.5411	6.72489	Bijolin	
http://linkedgeodata.org/triplify/node248567223	47.2509	13.5455	Zehnerkarbahn Talstation	
http://linkedgeodata.org/triplify/node248569467	47.251	13.5437	Grünwaldkopfbahn Talstation	
http://linkedgeodata.org/triplify/node248569473	47.2596	13.5437	Grünwaldkopfbahn Bergstation	
http://linkedgeodata.org/triplify/node248569474	47.2618	13.5428	Seekareckbahn Talstation	
http://linkedgeodata.org/triplify/node248569521	47.2616	13.5452	Hochalmbahn Talstation	
http://linkedgeodata.org/triplify/node248569523	47.265	13.5486	Hochalmbahn Bergstation	
http://linkedgeodata.org/triplify/node248643691	46.5965	9.59166	Savognin SB	
http://linkedgeodata.org/triplify/node248661854	47.2645	13.5637	Seekarspitzbahn Talstation	
http://linkedgeodata.org/triplify/node248661856	47.2707	13.5475	Seekarspitzbahn Bergstation	
http://linkedgeodata.org/triplify/node248723915	47.241	13.5722	Schaidbergbahn Talstation	
http://linkedgeodata.org/triplify/node248723919	47.2443	13.5797	Schaidbergbahn Bergstation	
http://linkedgeodata.org/triplify/node248735482	45.5511	6.7632	Vanoise Express	
http://linkedgeodata.org/triplify/node248781846	47.2466	13.5607	Gamsleitenbahn I Talstation	
http://linkedgeodata.org/triplify/node248781848	47.2421	13.5561	Gamsleitenbahn I Bergstation	
http://linkedgeodata.org/triplify/node249282397	46.9662	8.47327	Beckenried	
http://linkedgeodata.org/triplify/node249282414	46.9403	8.47313	Klewenalp	
http://linkedgeodata.org/triplify/node249411961	47.1758	10.1383	Madlochbahn	
http://linkedgeodata.org/triplify/node249411963	47.1766	10.1214	Madlochbahn	
http://linkedgeodata.org/triplify/node249417956	47.1378	10.1598	Albonabahn I	
http://linkedgeodata.org/triplify/node249419795	47.2152	10.1012	Steinmähderbahn	
http://linkedgeodata.org/triplify/node249419796	47.2262	10.1023	Steinmähderbahn	
http://linkedgeodata.org/triplify/node249419798	47.2204	10.1123	Hasensprungbahn	
http://linkedgeodata.org/triplify/node249452799	46.369	7.64844	Torrentalp	
http://linkedgeodata.org/triplify/node249452853	46.3687	7.64841	Rinderhuette	
http://linkedgeodata.org/triplify/node249522637	47.2417	13.5708	Achenrainbahn Talstation	
http://linkedgeodata.org/triplify/node249522660	47.2436	13.5603	Achenrainbahn Bergstation	
http://linkedgeodata.org/triplify/node249522676	47.2454	13.5679	Plattenkarbahn Talstation	
http://linkedgeodata.org/triplify/node249522682	47.252	13.5778	Plattenkarbahn Bergstation	
http://linkedgeodata.org/triplify/node249522781	47.2585	13.565	Angerbahn Talstation	
http://linkedgeodata.org/triplify/node249522782	47.2512	13.5738	Angerbahn Bergstation	
http://linkedgeodata.org/triplify/node249833412	45.5066	6.92104	Sache	
http://linkedgeodata.org/triplify/node249833417	45.4981	6.92349	Boisses	
http://linkedgeodata.org/triplify/node249833421	45.4903	6.91469	Sache	
http://linkedgeodata.org/triplify/node249834696	45.4755	6.88603	Aiguille Percée	
http://linkedgeodata.org/triplify/node249835002	45.4607	6.96387	Daille	
http://linkedgeodata.org/triplify/node249835010	45.4432	6.95009	Funival	
http://linkedgeodata.org/triplify/node249837019	45.4593	6.94102	Tommeuses	
http://linkedgeodata.org/triplify/node249837021	45.4576	6.94203	Mont Blanc	
http://linkedgeodata.org/triplify/node249838812	45.4683	6.9071	Aeroski	
http://linkedgeodata.org/triplify/node249838821	45.4556	6.9198	Aeroski	
http://linkedgeodata.org/triplify/node249838901	45.454	6.89703	Tichot	
http://linkedgeodata.org/triplify/node249839546	45.4547	6.901	Tufs	
http://linkedgeodata.org/triplify/node249839948	45.4519	6.8817	Grattalu	
http://linkedgeodata.org/triplify/node249841270	45.4674	6.88825	Merles	
http://linkedgeodata.org/triplify/node249841310	45.4692	6.90635	Palafour	
http://linkedgeodata.org/triplify/node249843815	45.4723	6.91078	Chaudannes	
http://linkedgeodata.org/triplify/node249847231	45.4191	6.89841	Leisse	
http://linkedgeodata.org/triplify/node249847232	45.4233	6.89049	Grande Motte	
http://linkedgeodata.org/triplify/node249848220	45.4137	6.87465	Grande Motte	
http://linkedgeodata.org/triplify/node249848653	45.4468	6.97636	L'Olympique	
http://linkedgeodata.org/triplify/node249848658	45.443	6.95132	L'Olympique	
http://linkedgeodata.org/triplify/node250075529	47.3299	13.321	Mittelstation Flying Mozart	
http://linkedgeodata.org/triplify/node250077774	47.3534	13.3857	Achter Jet	
http://linkedgeodata.org/triplify/node250138382	46.1041	7.27917	Col-de-Chassoure TV	
http://linkedgeodata.org/triplify/node250138395	46.1135	7.30349	chassoure inf	
http://linkedgeodata.org/triplify/node250138588	46.1136	7.30441	Tortin TDN	
http://linkedgeodata.org/triplify/node250138636	46.1352	7.31581	Super-Nendaz (Siviez)	
http://linkedgeodata.org/triplify/node250154766	46.08	7.27035	Chaux VS, La	
http://linkedgeodata.org/triplify/node250154768	46.0849	7.30212	Col-des-Gentianes TV	
http://linkedgeodata.org/triplify/node250154769	46.0801	7.31812	Mont-Fort TDN	
http://linkedgeodata.org/triplify/node250154880	46.0851	7.30206	Col-des-Gentianes TV	
http://linkedgeodata.org/triplify/node250154881	46.1133	7.30428	Tortin TV	
http://linkedgeodata.org/triplify/node250155143	46.0913	7.25307	Les Ruinettes	
http://linkedgeodata.org/triplify/node250155579	46.8022	8.27874	Stöckalp	
http://linkedgeodata.org/triplify/node250155584	46.789	8.28837	Bettenalp	
http://linkedgeodata.org/triplify/node250155585	46.7777	8.29276	Bonistock	
http://linkedgeodata.org/triplify/node250155645	46.7715	8.28149	Distelboden	
http://linkedgeodata.org/triplify/node250155646	46.7772	8.28836	Bonistock	
http://linkedgeodata.org/triplify/node250155647	46.7702	8.27913	Distelboden	
http://linkedgeodata.org/triplify/node250155648	46.7596	8.29349	Erzegg	
http://linkedgeodata.org/triplify/node250216563	46.1801	7.29125	Nendaz	
http://linkedgeodata.org/triplify/node251111909	46.0993	7.26898	Attelas, Les	
http://linkedgeodata.org/triplify/node251317756	47.6066	12.5802	Plattenkogel	
http://linkedgeodata.org/triplify/node251317760	47.6256	12.5865	Mösernbahn	
http://linkedgeodata.org/triplify/node251317761	47.6289	12.5745	Mösernbahn	
http://linkedgeodata.org/triplify/node251317762	47.6259	12.5857	Kapellenbahn	
http://linkedgeodata.org/triplify/node251317763	47.6177	12.5716	Kapellenbahn	
http://linkedgeodata.org/triplify/node251317769	47.6111	12.5724	Kammerköhr	
http://linkedgeodata.org/triplify/node251661660	45.9735	6.45761	Chatelet	
http://linkedgeodata.org/triplify/node251666702	45.684	6.88639	Piccolo San Bernardo Express	
http://linkedgeodata.org/triplify/node251667718	45.6401	6.8709	Landelieres	
http://linkedgeodata.org/triplify/node251668010	45.6452	6.8778	Fort	
http://linkedgeodata.org/triplify/node251778084	45.9685	6.44993	Les Outalays	
http://linkedgeodata.org/triplify/node251778086	45.9632	6.4666	Les Outalays	
http://linkedgeodata.org/triplify/node251778087	45.9737	6.478	Terres Rouges	
http://linkedgeodata.org/triplify/node251779032	45.9605	6.50303	La Duche	
http://linkedgeodata.org/triplify/node251779033	45.9659	6.49382	La Duche	
http://linkedgeodata.org/triplify/node251779034	45.9734	6.47814	Maroly	
http://linkedgeodata.org/triplify/node252438015	45.9737	6.47724	La Tolar	
http://linkedgeodata.org/triplify/node252438017	45.9494	6.45102	La Taverne	
http://linkedgeodata.org/triplify/node252438019	45.9557	6.45629	La Taverne	
http://linkedgeodata.org/triplify/node252438024	45.9607	6.5039	Les Annes	
http://linkedgeodata.org/triplify/node252438027	45.9647	6.52699	Les Annes	
http://linkedgeodata.org/triplify/node252501949	42.5586	0.535007	Rincón del Cielo	
http://linkedgeodata.org/triplify/node252646792	47.3429	10.1369	Talstation	
http://linkedgeodata.org/triplify/node252794067	46.7936	8.39871	Trübsee	
http://linkedgeodata.org/triplify/node252794068	46.7825	8.41703	Stand	
http://linkedgeodata.org/triplify/node252814924	47.3558	10.1849	Kanzelwandbahn Talstation	
http://linkedgeodata.org/triplify/node252814925	47.3375	10.2013	Kanzelwandbahn Bergstation	
http://linkedgeodata.org/triplify/node252814926	47.3339	10.197	Zwerenalpbahn	
http://linkedgeodata.org/triplify/node252814927	47.3371	10.202	Zwerenalpbahn	
http://linkedgeodata.org/triplify/node252814928	47.3396	10.2114	Zweiländerbahn	
http://linkedgeodata.org/triplify/node252814929	47.3364	10.206	Zweiländerbahn	
http://linkedgeodata.org/triplify/node252819120	47.144	8.53294	Zugerberg	
http://linkedgeodata.org/triplify/node252819128	47.1512	8.52131	Talstation Zugerbergbahn	
http://linkedgeodata.org/triplify/node252975618	46.3921	8.06423	Bettmeralp	
http://linkedgeodata.org/triplify/node252975619	46.4103	8.07708	Bettmerhorn	
http://linkedgeodata.org/triplify/node252977005	47.3413	10.2239	Fellhornlift	
http://linkedgeodata.org/triplify/node252977007	47.3414	10.2233	Möserbahn	
http://linkedgeodata.org/triplify/node252977008	47.3451	10.2131	Möserbahn	
http://linkedgeodata.org/triplify/node252977023	47.3482	10.2161	Fellhornbahn Gipfelstation	
http://linkedgeodata.org/triplify/node253196329	46.3812	8.03962	Riederalp	
